Device Name,Instance Name,Updated time (America/Los_Angeles),Utilization (%)
pcass01-sjc02-prod,system.cpu.utilization,13-03-2016 16:18,44.8
pcass01-sjc02-prod,system.cpu.utilization,13-03-2016 16:19,41.3
pcass01-sjc02-prod,system.cpu.utilization,13-03-2016 16:20,41.3
pcass01-sjc02-prod,system.cpu.utilization,13-03-2016 16:21,43.6
pcass01-sjc02-prod,system.cpu.utilization,13-03-2016 16:22,41
pcass01-sjc02-prod,system.cpu.utilization,13-03-2016 16:23,62.7
pcass01-sjc02-prod,system.cpu.utilization,13-03-2016 16:24,55.9
pcass01-sjc02-prod,system.cpu.utilization,13-03-2016 16:25,57.1
pcass01-sjc02-prod,system.cpu.utilization,13-03-2016 16:26,55.6
pcass01-sjc02-prod,system.cpu.utilization,13-03-2016 16:27,55
pcass01-sjc02-prod,system.cpu.utilization,13-03-2016 16:28,
pcass01-sjc02-prod,system.cpu.utilization,13-03-2016 16:29,
pcass01-sjc02-prod,system.cpu.utilization,13-03-2016 16:30,59.4
pcass01-sjc02-prod,system.cpu.utilization,13-03-2016 16:31,64.7
pcass01-sjc02-prod,system.cpu.utilization,13-03-2016 16:32,66
pcass01-sjc02-prod,system.cpu.utilization,13-03-2016 16:33,64.5
pcass01-sjc02-prod,system.cpu.utilization,13-03-2016 16:34,62.1
pcass01-sjc02-prod,system.cpu.utilization,13-03-2016 16:35,60.9
pcass01-sjc02-prod,system.cpu.utilization,13-03-2016 16:36,63.6
pcass01-sjc02-prod,system.cpu.utilization,13-03-2016 16:37,59.9
pcass01-sjc02-prod,system.cpu.utilization,13-03-2016 16:38,56.5
pcass01-sjc02-prod,system.cpu.utilization,13-03-2016 16:39,59.5
pcass01-sjc02-prod,system.cpu.utilization,13-03-2016 16:40,58.2
pcass01-sjc02-prod,system.cpu.utilization,13-03-2016 16:41,61.2
pcass01-sjc02-prod,system.cpu.utilization,13-03-2016 16:42,61.6
pcass01-sjc02-prod,system.cpu.utilization,13-03-2016 16:43,66
pcass01-sjc02-prod,system.cpu.utilization,13-03-2016 16:44,64.4
pcass01-sjc02-prod,system.cpu.utilization,13-03-2016 16:45,58.9
pcass01-sjc02-prod,system.cpu.utilization,13-03-2016 16:46,64
pcass01-sjc02-prod,system.cpu.utilization,13-03-2016 16:47,65.5
pcass01-sjc02-prod,system.cpu.utilization,13-03-2016 16:48,62.7
pcass01-sjc02-prod,system.cpu.utilization,13-03-2016 16:49,54.9
pcass01-sjc02-prod,system.cpu.utilization,13-03-2016 16:50,54.5
pcass01-sjc02-prod,system.cpu.utilization,13-03-2016 16:51,59.9
pcass01-sjc02-prod,system.cpu.utilization,13-03-2016 16:52,44.6
pcass01-sjc02-prod,system.cpu.utilization,13-03-2016 16:53,42.4
pcass01-sjc02-prod,system.cpu.utilization,13-03-2016 16:54,35.9
pcass01-sjc02-prod,system.cpu.utilization,13-03-2016 16:55,34.4
pcass01-sjc02-prod,system.cpu.utilization,13-03-2016 16:56,46.1
pcass01-sjc02-prod,system.cpu.utilization,13-03-2016 16:57,41.6
pcass01-sjc02-prod,system.cpu.utilization,13-03-2016 16:58,39.9
pcass01-sjc02-prod,system.cpu.utilization,13-03-2016 16:59,34.1
pcass01-sjc02-prod,system.cpu.utilization,13-03-2016 17:00,40.7
pcass01-sjc02-prod,system.cpu.utilization,13-03-2016 17:01,58
pcass01-sjc02-prod,system.cpu.utilization,13-03-2016 17:02,55.4
pcass01-sjc02-prod,system.cpu.utilization,13-03-2016 17:03,52.6
pcass01-sjc02-prod,system.cpu.utilization,13-03-2016 17:04,56.1
pcass01-sjc02-prod,system.cpu.utilization,13-03-2016 17:05,53.3
pcass01-sjc02-prod,system.cpu.utilization,13-03-2016 17:06,49.2
pcass01-sjc02-prod,system.cpu.utilization,13-03-2016 17:07,50.8
pcass01-sjc02-prod,system.cpu.utilization,13-03-2016 17:08,55.7
pcass01-sjc02-prod,system.cpu.utilization,13-03-2016 17:09,48.6
pcass01-sjc02-prod,system.cpu.utilization,13-03-2016 17:10,40.8
pcass01-sjc02-prod,system.cpu.utilization,13-03-2016 17:11,41.8
pcass01-sjc02-prod,system.cpu.utilization,13-03-2016 17:12,46.8
pcass01-sjc02-prod,system.cpu.utilization,13-03-2016 17:13,57.4
pcass01-sjc02-prod,system.cpu.utilization,13-03-2016 17:14,48.2
pcass01-sjc02-prod,system.cpu.utilization,13-03-2016 17:15,41.8
pcass01-sjc02-prod,system.cpu.utilization,13-03-2016 17:16,57
pcass01-sjc02-prod,system.cpu.utilization,13-03-2016 17:17,54.9
pcass01-sjc02-prod,system.cpu.utilization,13-03-2016 17:18,57.9
pcass01-sjc02-prod,system.cpu.utilization,13-03-2016 17:19,48.9
pcass01-sjc02-prod,system.cpu.utilization,13-03-2016 17:20,50.2
pcass01-sjc02-prod,system.cpu.utilization,13-03-2016 17:21,57
pcass01-sjc02-prod,system.cpu.utilization,13-03-2016 17:22,49.5
pcass01-sjc02-prod,system.cpu.utilization,13-03-2016 17:23,53.3
pcass01-sjc02-prod,system.cpu.utilization,13-03-2016 17:24,52.9
pcass01-sjc02-prod,system.cpu.utilization,13-03-2016 17:25,49.8
pcass01-sjc02-prod,system.cpu.utilization,13-03-2016 17:26,49.5
pcass01-sjc02-prod,system.cpu.utilization,13-03-2016 17:27,46.6
pcass01-sjc02-prod,system.cpu.utilization,13-03-2016 17:28,42.7
pcass01-sjc02-prod,system.cpu.utilization,13-03-2016 17:29,49.9
pcass01-sjc02-prod,system.cpu.utilization,13-03-2016 17:30,43.2
pcass01-sjc02-prod,system.cpu.utilization,13-03-2016 17:31,58.4
pcass01-sjc02-prod,system.cpu.utilization,13-03-2016 17:32,59.6
pcass01-sjc02-prod,system.cpu.utilization,13-03-2016 17:33,60.7
pcass01-sjc02-prod,system.cpu.utilization,13-03-2016 17:34,50.6
pcass01-sjc02-prod,system.cpu.utilization,13-03-2016 17:35,48.3
pcass01-sjc02-prod,system.cpu.utilization,13-03-2016 17:36,58.5
pcass01-sjc02-prod,system.cpu.utilization,13-03-2016 17:37,53.2
pcass01-sjc02-prod,system.cpu.utilization,13-03-2016 17:38,51.9
pcass01-sjc02-prod,system.cpu.utilization,13-03-2016 17:39,42.8
pcass01-sjc02-prod,system.cpu.utilization,13-03-2016 17:40,56.2
pcass01-sjc02-prod,system.cpu.utilization,13-03-2016 17:41,59.7
pcass01-sjc02-prod,system.cpu.utilization,13-03-2016 17:42,58.9
pcass01-sjc02-prod,system.cpu.utilization,13-03-2016 17:43,56.5
pcass01-sjc02-prod,system.cpu.utilization,13-03-2016 17:44,54.5
pcass01-sjc02-prod,system.cpu.utilization,13-03-2016 17:45,49.3
pcass01-sjc02-prod,system.cpu.utilization,13-03-2016 17:46,59.6
pcass01-sjc02-prod,system.cpu.utilization,13-03-2016 17:47,53.4
pcass01-sjc02-prod,system.cpu.utilization,13-03-2016 17:48,54.7
pcass01-sjc02-prod,system.cpu.utilization,13-03-2016 17:49,61.7
pcass01-sjc02-prod,system.cpu.utilization,13-03-2016 17:50,46.6
pcass01-sjc02-prod,system.cpu.utilization,13-03-2016 17:51,49.9
pcass01-sjc02-prod,system.cpu.utilization,13-03-2016 17:52,45.3
pcass01-sjc02-prod,system.cpu.utilization,13-03-2016 17:53,43.1
pcass01-sjc02-prod,system.cpu.utilization,13-03-2016 17:54,38.2
pcass01-sjc02-prod,system.cpu.utilization,13-03-2016 17:55,31
pcass01-sjc02-prod,system.cpu.utilization,13-03-2016 17:56,46
pcass01-sjc02-prod,system.cpu.utilization,13-03-2016 17:57,40.3
pcass01-sjc02-prod,system.cpu.utilization,13-03-2016 17:58,42.4
pcass01-sjc02-prod,system.cpu.utilization,13-03-2016 17:59,49.5
pcass01-sjc02-prod,system.cpu.utilization,13-03-2016 18:00,41
pcass01-sjc02-prod,system.cpu.utilization,13-03-2016 18:01,60.3
pcass01-sjc02-prod,system.cpu.utilization,13-03-2016 18:02,53.1
pcass01-sjc02-prod,system.cpu.utilization,13-03-2016 18:03,52.9
pcass01-sjc02-prod,system.cpu.utilization,13-03-2016 18:04,59
pcass01-sjc02-prod,system.cpu.utilization,13-03-2016 18:05,52.9
pcass01-sjc02-prod,system.cpu.utilization,13-03-2016 18:06,53.9
pcass01-sjc02-prod,system.cpu.utilization,13-03-2016 18:07,52.1
pcass01-sjc02-prod,system.cpu.utilization,13-03-2016 18:08,53.7
pcass01-sjc02-prod,system.cpu.utilization,13-03-2016 18:09,60.6
pcass01-sjc02-prod,system.cpu.utilization,13-03-2016 18:10,53
pcass01-sjc02-prod,system.cpu.utilization,13-03-2016 18:11,47.8
pcass01-sjc02-prod,system.cpu.utilization,13-03-2016 18:12,56.1
pcass01-sjc02-prod,system.cpu.utilization,13-03-2016 18:13,54.4
pcass01-sjc02-prod,system.cpu.utilization,13-03-2016 18:14,50.7
pcass01-sjc02-prod,system.cpu.utilization,13-03-2016 18:15,50.7
pcass01-sjc02-prod,system.cpu.utilization,13-03-2016 18:16,60.4
pcass01-sjc02-prod,system.cpu.utilization,13-03-2016 18:17,60.4
pcass01-sjc02-prod,system.cpu.utilization,13-03-2016 18:18,56.2
pcass01-sjc02-prod,system.cpu.utilization,13-03-2016 18:19,62.1
pcass01-sjc02-prod,system.cpu.utilization,13-03-2016 18:20,63.5
pcass01-sjc02-prod,system.cpu.utilization,13-03-2016 18:21,67.5
pcass01-sjc02-prod,system.cpu.utilization,13-03-2016 18:22,55.7
pcass01-sjc02-prod,system.cpu.utilization,13-03-2016 18:23,49.3
pcass01-sjc02-prod,system.cpu.utilization,13-03-2016 18:24,55.4
pcass01-sjc02-prod,system.cpu.utilization,13-03-2016 18:25,50
pcass01-sjc02-prod,system.cpu.utilization,13-03-2016 18:26,50.7
pcass01-sjc02-prod,system.cpu.utilization,13-03-2016 18:27,52.4
pcass01-sjc02-prod,system.cpu.utilization,13-03-2016 18:28,62.7
pcass01-sjc02-prod,system.cpu.utilization,13-03-2016 18:29,60.1
pcass01-sjc02-prod,system.cpu.utilization,13-03-2016 18:30,52.9
pcass01-sjc02-prod,system.cpu.utilization,13-03-2016 18:31,68.9
pcass01-sjc02-prod,system.cpu.utilization,13-03-2016 18:32,58.5
pcass01-sjc02-prod,system.cpu.utilization,13-03-2016 18:33,57.5
pcass01-sjc02-prod,system.cpu.utilization,13-03-2016 18:34,49
pcass01-sjc02-prod,system.cpu.utilization,13-03-2016 18:35,45.1
pcass01-sjc02-prod,system.cpu.utilization,13-03-2016 18:36,54.8
pcass01-sjc02-prod,system.cpu.utilization,13-03-2016 18:37,52.5
pcass01-sjc02-prod,system.cpu.utilization,13-03-2016 18:38,44.9
pcass01-sjc02-prod,system.cpu.utilization,13-03-2016 18:39,43.1
pcass01-sjc02-prod,system.cpu.utilization,13-03-2016 18:40,43.5
pcass01-sjc02-prod,system.cpu.utilization,13-03-2016 18:41,50.8
pcass01-sjc02-prod,system.cpu.utilization,13-03-2016 18:42,52.6
pcass01-sjc02-prod,system.cpu.utilization,13-03-2016 18:43,58.7
pcass01-sjc02-prod,system.cpu.utilization,13-03-2016 18:44,66.1
pcass01-sjc02-prod,system.cpu.utilization,13-03-2016 18:45,64.3
pcass01-sjc02-prod,system.cpu.utilization,13-03-2016 18:46,69.3
pcass01-sjc02-prod,system.cpu.utilization,13-03-2016 18:47,60.5
pcass01-sjc02-prod,system.cpu.utilization,13-03-2016 18:48,59.2
pcass01-sjc02-prod,system.cpu.utilization,13-03-2016 18:49,67.7
pcass01-sjc02-prod,system.cpu.utilization,13-03-2016 18:50,60.4
pcass01-sjc02-prod,system.cpu.utilization,13-03-2016 18:51,58
pcass01-sjc02-prod,system.cpu.utilization,13-03-2016 18:52,46.1
pcass01-sjc02-prod,system.cpu.utilization,13-03-2016 18:53,41.1
pcass01-sjc02-prod,system.cpu.utilization,13-03-2016 18:54,41.4
pcass01-sjc02-prod,system.cpu.utilization,13-03-2016 18:55,38.8
pcass01-sjc02-prod,system.cpu.utilization,13-03-2016 18:56,43.3
pcass01-sjc02-prod,system.cpu.utilization,13-03-2016 18:57,36.8
pcass01-sjc02-prod,system.cpu.utilization,13-03-2016 18:58,53.7
pcass01-sjc02-prod,system.cpu.utilization,13-03-2016 18:59,69.9
pcass01-sjc02-prod,system.cpu.utilization,13-03-2016 19:00,66.4
pcass01-sjc02-prod,system.cpu.utilization,13-03-2016 19:01,72.1
pcass01-sjc02-prod,system.cpu.utilization,13-03-2016 19:02,65.4
pcass01-sjc02-prod,system.cpu.utilization,13-03-2016 19:03,64.7
pcass01-sjc02-prod,system.cpu.utilization,13-03-2016 19:04,63.5
pcass01-sjc02-prod,system.cpu.utilization,13-03-2016 19:05,61.6
pcass01-sjc02-prod,system.cpu.utilization,13-03-2016 19:06,56
pcass01-sjc02-prod,system.cpu.utilization,13-03-2016 19:07,48.9
pcass01-sjc02-prod,system.cpu.utilization,13-03-2016 19:08,57
pcass01-sjc02-prod,system.cpu.utilization,13-03-2016 19:09,54.5
pcass01-sjc02-prod,system.cpu.utilization,13-03-2016 19:10,48.9
pcass01-sjc02-prod,system.cpu.utilization,13-03-2016 19:11,49.9
pcass01-sjc02-prod,system.cpu.utilization,13-03-2016 19:12,51.4
pcass01-sjc02-prod,system.cpu.utilization,13-03-2016 19:13,59.4
pcass01-sjc02-prod,system.cpu.utilization,13-03-2016 19:14,48.8
pcass01-sjc02-prod,system.cpu.utilization,13-03-2016 19:15,47.2
pcass01-sjc02-prod,system.cpu.utilization,13-03-2016 19:16,61.6
pcass01-sjc02-prod,system.cpu.utilization,13-03-2016 19:17,54.2
pcass01-sjc02-prod,system.cpu.utilization,13-03-2016 19:18,48.7
pcass01-sjc02-prod,system.cpu.utilization,13-03-2016 19:19,50.4
pcass01-sjc02-prod,system.cpu.utilization,13-03-2016 19:20,53.9
pcass01-sjc02-prod,system.cpu.utilization,13-03-2016 19:21,60.4
pcass01-sjc02-prod,system.cpu.utilization,13-03-2016 19:22,51.2
pcass01-sjc02-prod,system.cpu.utilization,13-03-2016 19:23,42.5
pcass01-sjc02-prod,system.cpu.utilization,13-03-2016 19:24,47.3
pcass01-sjc02-prod,system.cpu.utilization,13-03-2016 19:25,51.6
pcass01-sjc02-prod,system.cpu.utilization,13-03-2016 19:26,51.7
pcass01-sjc02-prod,system.cpu.utilization,13-03-2016 19:27,40.4
pcass01-sjc02-prod,system.cpu.utilization,13-03-2016 19:28,46.5
pcass01-sjc02-prod,system.cpu.utilization,13-03-2016 19:29,55.2
pcass01-sjc02-prod,system.cpu.utilization,13-03-2016 19:30,49.3
pcass01-sjc02-prod,system.cpu.utilization,13-03-2016 19:31,52.1
pcass01-sjc02-prod,system.cpu.utilization,13-03-2016 19:32,50
pcass01-sjc02-prod,system.cpu.utilization,13-03-2016 19:33,55.9
pcass01-sjc02-prod,system.cpu.utilization,13-03-2016 19:34,47.4
pcass01-sjc02-prod,system.cpu.utilization,13-03-2016 19:35,42.6
pcass01-sjc02-prod,system.cpu.utilization,13-03-2016 19:36,50.9
pcass01-sjc02-prod,system.cpu.utilization,13-03-2016 19:37,51.7
pcass01-sjc02-prod,system.cpu.utilization,13-03-2016 19:38,47.2
pcass01-sjc02-prod,system.cpu.utilization,13-03-2016 19:39,39.8
pcass01-sjc02-prod,system.cpu.utilization,13-03-2016 19:40,37.2
pcass01-sjc02-prod,system.cpu.utilization,13-03-2016 19:41,50.5
pcass01-sjc02-prod,system.cpu.utilization,13-03-2016 19:42,40.3
pcass01-sjc02-prod,system.cpu.utilization,13-03-2016 19:43,37.3
pcass01-sjc02-prod,system.cpu.utilization,13-03-2016 19:44,44.9
pcass01-sjc02-prod,system.cpu.utilization,13-03-2016 19:45,47.6
pcass01-sjc02-prod,system.cpu.utilization,13-03-2016 19:46,49.2
pcass01-sjc02-prod,system.cpu.utilization,13-03-2016 19:47,42.8
pcass01-sjc02-prod,system.cpu.utilization,13-03-2016 19:48,38.7
pcass01-sjc02-prod,system.cpu.utilization,13-03-2016 19:49,48
pcass01-sjc02-prod,system.cpu.utilization,13-03-2016 19:50,41.7
pcass01-sjc02-prod,system.cpu.utilization,13-03-2016 19:51,45.5
pcass01-sjc02-prod,system.cpu.utilization,13-03-2016 19:52,42.9
pcass01-sjc02-prod,system.cpu.utilization,13-03-2016 19:53,48.6
pcass01-sjc02-prod,system.cpu.utilization,13-03-2016 19:54,39.6
pcass01-sjc02-prod,system.cpu.utilization,13-03-2016 19:55,38.3
pcass01-sjc02-prod,system.cpu.utilization,13-03-2016 19:56,45.4
pcass01-sjc02-prod,system.cpu.utilization,13-03-2016 19:57,45.9
pcass01-sjc02-prod,system.cpu.utilization,13-03-2016 19:58,45.3
pcass01-sjc02-prod,system.cpu.utilization,13-03-2016 19:59,38.1
pcass01-sjc02-prod,system.cpu.utilization,13-03-2016 20:00,41.2
pcass01-sjc02-prod,system.cpu.utilization,13-03-2016 20:01,56.5
pcass01-sjc02-prod,system.cpu.utilization,13-03-2016 20:02,47.8
pcass01-sjc02-prod,system.cpu.utilization,13-03-2016 20:03,42.5
pcass01-sjc02-prod,system.cpu.utilization,13-03-2016 20:04,53.3
pcass01-sjc02-prod,system.cpu.utilization,13-03-2016 20:05,47.9
pcass01-sjc02-prod,system.cpu.utilization,13-03-2016 20:06,47.6
pcass01-sjc02-prod,system.cpu.utilization,13-03-2016 20:07,35.3
pcass01-sjc02-prod,system.cpu.utilization,13-03-2016 20:08,38.9
pcass01-sjc02-prod,system.cpu.utilization,13-03-2016 20:09,49.1
pcass01-sjc02-prod,system.cpu.utilization,13-03-2016 20:10,40.5
pcass01-sjc02-prod,system.cpu.utilization,13-03-2016 20:11,42.8
pcass01-sjc02-prod,system.cpu.utilization,13-03-2016 20:12,41.9
pcass01-sjc02-prod,system.cpu.utilization,13-03-2016 20:13,56.2
pcass01-sjc02-prod,system.cpu.utilization,13-03-2016 20:14,51.5
pcass01-sjc02-prod,system.cpu.utilization,13-03-2016 20:15,45.6
pcass01-sjc02-prod,system.cpu.utilization,13-03-2016 20:16,50.1
pcass01-sjc02-prod,system.cpu.utilization,13-03-2016 20:17,48.2
pcass01-sjc02-prod,system.cpu.utilization,13-03-2016 20:18,42.7
pcass01-sjc02-prod,system.cpu.utilization,13-03-2016 20:19,42.4
pcass01-sjc02-prod,system.cpu.utilization,13-03-2016 20:20,50.4
pcass01-sjc02-prod,system.cpu.utilization,13-03-2016 20:21,52
pcass01-sjc02-prod,system.cpu.utilization,13-03-2016 20:22,39.5
pcass01-sjc02-prod,system.cpu.utilization,13-03-2016 20:23,41.2
pcass01-sjc02-prod,system.cpu.utilization,13-03-2016 20:24,42.4
pcass01-sjc02-prod,system.cpu.utilization,13-03-2016 20:25,42.3
pcass01-sjc02-prod,system.cpu.utilization,13-03-2016 20:26,45.4
pcass01-sjc02-prod,system.cpu.utilization,13-03-2016 20:27,32.4
pcass01-sjc02-prod,system.cpu.utilization,13-03-2016 20:28,43.4
pcass01-sjc02-prod,system.cpu.utilization,13-03-2016 20:29,48.6
pcass01-sjc02-prod,system.cpu.utilization,13-03-2016 20:30,44.8
pcass01-sjc02-prod,system.cpu.utilization,13-03-2016 20:31,53.9
pcass01-sjc02-prod,system.cpu.utilization,13-03-2016 20:32,49.4
pcass01-sjc02-prod,system.cpu.utilization,13-03-2016 20:33,55.3
pcass01-sjc02-prod,system.cpu.utilization,13-03-2016 20:34,46.9
pcass01-sjc02-prod,system.cpu.utilization,13-03-2016 20:35,35
pcass01-sjc02-prod,system.cpu.utilization,13-03-2016 20:36,52.7
pcass01-sjc02-prod,system.cpu.utilization,13-03-2016 20:37,50.5
pcass01-sjc02-prod,system.cpu.utilization,13-03-2016 20:38,44.8
pcass01-sjc02-prod,system.cpu.utilization,13-03-2016 20:39,44.6
pcass01-sjc02-prod,system.cpu.utilization,13-03-2016 20:40,50.8
pcass01-sjc02-prod,system.cpu.utilization,13-03-2016 20:41,62.9
pcass01-sjc02-prod,system.cpu.utilization,13-03-2016 20:42,56
pcass01-sjc02-prod,system.cpu.utilization,13-03-2016 20:43,57.5
pcass01-sjc02-prod,system.cpu.utilization,13-03-2016 20:44,62.3
pcass01-sjc02-prod,system.cpu.utilization,13-03-2016 20:45,48.8
pcass01-sjc02-prod,system.cpu.utilization,13-03-2016 20:46,57.2
pcass01-sjc02-prod,system.cpu.utilization,13-03-2016 20:47,50.6
pcass01-sjc02-prod,system.cpu.utilization,13-03-2016 20:48,54.5
pcass01-sjc02-prod,system.cpu.utilization,13-03-2016 20:49,63.4
pcass01-sjc02-prod,system.cpu.utilization,13-03-2016 20:50,52.6
pcass01-sjc02-prod,system.cpu.utilization,13-03-2016 20:51,57.9
pcass01-sjc02-prod,system.cpu.utilization,13-03-2016 20:52,59.8
pcass01-sjc02-prod,system.cpu.utilization,13-03-2016 20:53,60.4
pcass01-sjc02-prod,system.cpu.utilization,13-03-2016 20:54,54.9
pcass01-sjc02-prod,system.cpu.utilization,13-03-2016 20:55,40.6
pcass01-sjc02-prod,system.cpu.utilization,13-03-2016 20:56,49.2
pcass01-sjc02-prod,system.cpu.utilization,13-03-2016 20:57,40.4
pcass01-sjc02-prod,system.cpu.utilization,13-03-2016 20:58,48.2
pcass01-sjc02-prod,system.cpu.utilization,13-03-2016 20:59,38.8
pcass01-sjc02-prod,system.cpu.utilization,13-03-2016 21:00,44.5
pcass01-sjc02-prod,system.cpu.utilization,13-03-2016 21:01,58.4
pcass01-sjc02-prod,system.cpu.utilization,13-03-2016 21:02,41.8
pcass01-sjc02-prod,system.cpu.utilization,13-03-2016 21:03,39.8
pcass01-sjc02-prod,system.cpu.utilization,13-03-2016 21:04,41.5
pcass01-sjc02-prod,system.cpu.utilization,13-03-2016 21:05,42.6
pcass01-sjc02-prod,system.cpu.utilization,13-03-2016 21:06,42.3
pcass01-sjc02-prod,system.cpu.utilization,13-03-2016 21:07,45.8
pcass01-sjc02-prod,system.cpu.utilization,13-03-2016 21:08,63.8
pcass01-sjc02-prod,system.cpu.utilization,13-03-2016 21:09,59.5
pcass01-sjc02-prod,system.cpu.utilization,13-03-2016 21:10,58.5
pcass01-sjc02-prod,system.cpu.utilization,13-03-2016 21:11,63.2
pcass01-sjc02-prod,system.cpu.utilization,13-03-2016 21:12,57.6
pcass01-sjc02-prod,system.cpu.utilization,13-03-2016 21:13,62.5
pcass01-sjc02-prod,system.cpu.utilization,13-03-2016 21:14,58.5
pcass01-sjc02-prod,system.cpu.utilization,13-03-2016 21:15,54.8
pcass01-sjc02-prod,system.cpu.utilization,13-03-2016 21:16,66.1
pcass01-sjc02-prod,system.cpu.utilization,13-03-2016 21:17,65
pcass01-sjc02-prod,system.cpu.utilization,13-03-2016 21:18,62.5
pcass01-sjc02-prod,system.cpu.utilization,13-03-2016 21:19,44.8
pcass01-sjc02-prod,system.cpu.utilization,13-03-2016 21:20,31.1
pcass01-sjc02-prod,system.cpu.utilization,13-03-2016 21:21,36.8
pcass01-sjc02-prod,system.cpu.utilization,13-03-2016 21:22,31.1
pcass01-sjc02-prod,system.cpu.utilization,13-03-2016 21:23,57.3
pcass01-sjc02-prod,system.cpu.utilization,13-03-2016 21:24,59.2
pcass01-sjc02-prod,system.cpu.utilization,13-03-2016 21:25,67.1
pcass01-sjc02-prod,system.cpu.utilization,13-03-2016 21:26,66.7
pcass01-sjc02-prod,system.cpu.utilization,13-03-2016 21:27,68.1
pcass01-sjc02-prod,system.cpu.utilization,13-03-2016 21:28,67.1
pcass01-sjc02-prod,system.cpu.utilization,13-03-2016 21:29,62.2
pcass01-sjc02-prod,system.cpu.utilization,13-03-2016 21:30,63.5
pcass01-sjc02-prod,system.cpu.utilization,13-03-2016 21:31,69.2
pcass01-sjc02-prod,system.cpu.utilization,13-03-2016 21:32,71.1
pcass01-sjc02-prod,system.cpu.utilization,13-03-2016 21:33,70.3
pcass01-sjc02-prod,system.cpu.utilization,13-03-2016 21:34,62.8
pcass01-sjc02-prod,system.cpu.utilization,13-03-2016 21:35,47.9
pcass01-sjc02-prod,system.cpu.utilization,13-03-2016 21:36,70.7
pcass01-sjc02-prod,system.cpu.utilization,13-03-2016 21:37,63.1
pcass01-sjc02-prod,system.cpu.utilization,13-03-2016 21:38,51.8
pcass01-sjc02-prod,system.cpu.utilization,13-03-2016 21:39,46
pcass01-sjc02-prod,system.cpu.utilization,13-03-2016 21:40,52.7
pcass01-sjc02-prod,system.cpu.utilization,13-03-2016 21:41,54.6
pcass01-sjc02-prod,system.cpu.utilization,13-03-2016 21:42,46.3
pcass01-sjc02-prod,system.cpu.utilization,13-03-2016 21:43,48.8
pcass01-sjc02-prod,system.cpu.utilization,13-03-2016 21:44,52.5
pcass01-sjc02-prod,system.cpu.utilization,13-03-2016 21:45,60.2
pcass01-sjc02-prod,system.cpu.utilization,13-03-2016 21:46,57.3
pcass01-sjc02-prod,system.cpu.utilization,13-03-2016 21:47,60.8
pcass01-sjc02-prod,system.cpu.utilization,13-03-2016 21:48,59.6
pcass01-sjc02-prod,system.cpu.utilization,13-03-2016 21:49,56
pcass01-sjc02-prod,system.cpu.utilization,13-03-2016 21:50,50.3
pcass01-sjc02-prod,system.cpu.utilization,13-03-2016 21:51,50.9
pcass01-sjc02-prod,system.cpu.utilization,13-03-2016 21:52,46.1
pcass01-sjc02-prod,system.cpu.utilization,13-03-2016 21:53,53.4
pcass01-sjc02-prod,system.cpu.utilization,13-03-2016 21:54,48.5
pcass01-sjc02-prod,system.cpu.utilization,13-03-2016 21:55,45.9
pcass01-sjc02-prod,system.cpu.utilization,13-03-2016 21:56,52.7
pcass01-sjc02-prod,system.cpu.utilization,13-03-2016 21:57,52.5
pcass01-sjc02-prod,system.cpu.utilization,13-03-2016 21:58,61.4
pcass01-sjc02-prod,system.cpu.utilization,13-03-2016 21:59,56
pcass01-sjc02-prod,system.cpu.utilization,13-03-2016 22:00,52
pcass01-sjc02-prod,system.cpu.utilization,13-03-2016 22:01,60.1
pcass01-sjc02-prod,system.cpu.utilization,13-03-2016 22:02,50.8
pcass01-sjc02-prod,system.cpu.utilization,13-03-2016 22:03,49.5
pcass01-sjc02-prod,system.cpu.utilization,13-03-2016 22:04,59.9
pcass01-sjc02-prod,system.cpu.utilization,13-03-2016 22:05,55.1
pcass01-sjc02-prod,system.cpu.utilization,13-03-2016 22:06,57.6
pcass01-sjc02-prod,system.cpu.utilization,13-03-2016 22:07,46.9
pcass01-sjc02-prod,system.cpu.utilization,13-03-2016 22:08,55.3
pcass01-sjc02-prod,system.cpu.utilization,13-03-2016 22:09,52.5
pcass01-sjc02-prod,system.cpu.utilization,13-03-2016 22:10,46.7
pcass01-sjc02-prod,system.cpu.utilization,13-03-2016 22:11,56.4
pcass01-sjc02-prod,system.cpu.utilization,13-03-2016 22:12,54
pcass01-sjc02-prod,system.cpu.utilization,13-03-2016 22:13,56.2
pcass01-sjc02-prod,system.cpu.utilization,13-03-2016 22:14,48.8
pcass01-sjc02-prod,system.cpu.utilization,13-03-2016 22:15,46.7
pcass01-sjc02-prod,system.cpu.utilization,13-03-2016 22:16,61.6
pcass01-sjc02-prod,system.cpu.utilization,13-03-2016 22:17,52.6
pcass01-sjc02-prod,system.cpu.utilization,13-03-2016 22:18,40.4
pcass01-sjc02-prod,system.cpu.utilization,13-03-2016 22:19,40
pcass01-sjc02-prod,system.cpu.utilization,13-03-2016 22:20,42.3
pcass01-sjc02-prod,system.cpu.utilization,13-03-2016 22:21,53.5
pcass01-sjc02-prod,system.cpu.utilization,13-03-2016 22:22,38.8
pcass01-sjc02-prod,system.cpu.utilization,13-03-2016 22:23,34.1
pcass01-sjc02-prod,system.cpu.utilization,13-03-2016 22:24,43.4
pcass01-sjc02-prod,system.cpu.utilization,13-03-2016 22:25,45.3
pcass01-sjc02-prod,system.cpu.utilization,13-03-2016 22:26,44.6
pcass01-sjc02-prod,system.cpu.utilization,13-03-2016 22:27,32.5
pcass01-sjc02-prod,system.cpu.utilization,13-03-2016 22:28,40
pcass01-sjc02-prod,system.cpu.utilization,13-03-2016 22:29,47.8
pcass01-sjc02-prod,system.cpu.utilization,13-03-2016 22:30,42.5
pcass01-sjc02-prod,system.cpu.utilization,13-03-2016 22:31,43.9
pcass01-sjc02-prod,system.cpu.utilization,13-03-2016 22:32,47.9
pcass01-sjc02-prod,system.cpu.utilization,13-03-2016 22:33,50.4
pcass01-sjc02-prod,system.cpu.utilization,13-03-2016 22:34,41.5
pcass01-sjc02-prod,system.cpu.utilization,13-03-2016 22:35,29
pcass01-sjc02-prod,system.cpu.utilization,13-03-2016 22:36,41.3
pcass01-sjc02-prod,system.cpu.utilization,13-03-2016 22:37,35
pcass01-sjc02-prod,system.cpu.utilization,13-03-2016 22:38,32.8
pcass01-sjc02-prod,system.cpu.utilization,13-03-2016 22:39,27.6
pcass01-sjc02-prod,system.cpu.utilization,13-03-2016 22:40,30.6
pcass01-sjc02-prod,system.cpu.utilization,13-03-2016 22:41,43.2
pcass01-sjc02-prod,system.cpu.utilization,13-03-2016 22:42,32.8
pcass01-sjc02-prod,system.cpu.utilization,13-03-2016 22:43,32.5
pcass01-sjc02-prod,system.cpu.utilization,13-03-2016 22:44,46.8
pcass01-sjc02-prod,system.cpu.utilization,13-03-2016 22:45,43.9
pcass01-sjc02-prod,system.cpu.utilization,13-03-2016 22:46,42.4
pcass01-sjc02-prod,system.cpu.utilization,13-03-2016 22:47,34.5
pcass01-sjc02-prod,system.cpu.utilization,13-03-2016 22:48,35.4
pcass01-sjc02-prod,system.cpu.utilization,13-03-2016 22:49,48.4
pcass01-sjc02-prod,system.cpu.utilization,13-03-2016 22:50,31.2
pcass01-sjc02-prod,system.cpu.utilization,13-03-2016 22:51,29.6
pcass01-sjc02-prod,system.cpu.utilization,13-03-2016 22:52,36.9
pcass01-sjc02-prod,system.cpu.utilization,13-03-2016 22:53,40.8
pcass01-sjc02-prod,system.cpu.utilization,13-03-2016 22:54,34.8
pcass01-sjc02-prod,system.cpu.utilization,13-03-2016 22:55,30.8
pcass01-sjc02-prod,system.cpu.utilization,13-03-2016 22:56,43.8
pcass01-sjc02-prod,system.cpu.utilization,13-03-2016 22:57,42.5
pcass01-sjc02-prod,system.cpu.utilization,13-03-2016 22:58,35.6
pcass01-sjc02-prod,system.cpu.utilization,13-03-2016 22:59,31.4
pcass01-sjc02-prod,system.cpu.utilization,13-03-2016 23:00,42.8
pcass01-sjc02-prod,system.cpu.utilization,13-03-2016 23:01,58.2
pcass01-sjc02-prod,system.cpu.utilization,13-03-2016 23:02,52.5
pcass01-sjc02-prod,system.cpu.utilization,13-03-2016 23:03,54.1
pcass01-sjc02-prod,system.cpu.utilization,13-03-2016 23:04,58.3
pcass01-sjc02-prod,system.cpu.utilization,13-03-2016 23:05,56.8
pcass01-sjc02-prod,system.cpu.utilization,13-03-2016 23:06,56.1
pcass01-sjc02-prod,system.cpu.utilization,13-03-2016 23:07,49.3
pcass01-sjc02-prod,system.cpu.utilization,13-03-2016 23:08,52.6
pcass01-sjc02-prod,system.cpu.utilization,13-03-2016 23:09,54.8
pcass01-sjc02-prod,system.cpu.utilization,13-03-2016 23:10,43.3
pcass01-sjc02-prod,system.cpu.utilization,13-03-2016 23:11,46.3
pcass01-sjc02-prod,system.cpu.utilization,13-03-2016 23:12,53.7
pcass01-sjc02-prod,system.cpu.utilization,13-03-2016 23:13,59.8
pcass01-sjc02-prod,system.cpu.utilization,13-03-2016 23:14,45.7
pcass01-sjc02-prod,system.cpu.utilization,13-03-2016 23:15,44.1
pcass01-sjc02-prod,system.cpu.utilization,13-03-2016 23:16,61
pcass01-sjc02-prod,system.cpu.utilization,13-03-2016 23:17,57
pcass01-sjc02-prod,system.cpu.utilization,13-03-2016 23:18,55.9
pcass01-sjc02-prod,system.cpu.utilization,13-03-2016 23:19,45.3
pcass01-sjc02-prod,system.cpu.utilization,13-03-2016 23:20,54.2
pcass01-sjc02-prod,system.cpu.utilization,13-03-2016 23:21,59.9
pcass01-sjc02-prod,system.cpu.utilization,13-03-2016 23:22,52.4
pcass01-sjc02-prod,system.cpu.utilization,13-03-2016 23:23,48.8
pcass01-sjc02-prod,system.cpu.utilization,13-03-2016 23:24,41.4
pcass01-sjc02-prod,system.cpu.utilization,13-03-2016 23:25,35.1
pcass01-sjc02-prod,system.cpu.utilization,13-03-2016 23:26,38.6
pcass01-sjc02-prod,system.cpu.utilization,13-03-2016 23:27,29.6
pcass01-sjc02-prod,system.cpu.utilization,13-03-2016 23:28,27.5
pcass01-sjc02-prod,system.cpu.utilization,13-03-2016 23:29,40.2
pcass01-sjc02-prod,system.cpu.utilization,13-03-2016 23:30,38.5
pcass01-sjc02-prod,system.cpu.utilization,13-03-2016 23:31,43.6
pcass01-sjc02-prod,system.cpu.utilization,13-03-2016 23:32,48.2
pcass01-sjc02-prod,system.cpu.utilization,13-03-2016 23:33,51
pcass01-sjc02-prod,system.cpu.utilization,13-03-2016 23:34,38.6
pcass01-sjc02-prod,system.cpu.utilization,13-03-2016 23:35,32.9
pcass01-sjc02-prod,system.cpu.utilization,13-03-2016 23:36,44.7
pcass01-sjc02-prod,system.cpu.utilization,13-03-2016 23:37,47.3
pcass01-sjc02-prod,system.cpu.utilization,13-03-2016 23:38,48.8
pcass01-sjc02-prod,system.cpu.utilization,13-03-2016 23:39,44.4
pcass01-sjc02-prod,system.cpu.utilization,13-03-2016 23:40,55.8
pcass01-sjc02-prod,system.cpu.utilization,13-03-2016 23:41,66.4
pcass01-sjc02-prod,system.cpu.utilization,13-03-2016 23:42,53.3
pcass01-sjc02-prod,system.cpu.utilization,13-03-2016 23:43,53.8
pcass01-sjc02-prod,system.cpu.utilization,13-03-2016 23:44,53.6
pcass01-sjc02-prod,system.cpu.utilization,13-03-2016 23:45,60.6
pcass01-sjc02-prod,system.cpu.utilization,13-03-2016 23:46,64.3
pcass01-sjc02-prod,system.cpu.utilization,13-03-2016 23:47,54.4
pcass01-sjc02-prod,system.cpu.utilization,13-03-2016 23:48,58.9
pcass01-sjc02-prod,system.cpu.utilization,13-03-2016 23:49,58.5
pcass01-sjc02-prod,system.cpu.utilization,13-03-2016 23:50,40.9
pcass01-sjc02-prod,system.cpu.utilization,13-03-2016 23:51,43
pcass01-sjc02-prod,system.cpu.utilization,13-03-2016 23:52,64.8
pcass01-sjc02-prod,system.cpu.utilization,13-03-2016 23:53,56.6
pcass01-sjc02-prod,system.cpu.utilization,13-03-2016 23:54,55.8
pcass01-sjc02-prod,system.cpu.utilization,13-03-2016 23:55,46
pcass01-sjc02-prod,system.cpu.utilization,13-03-2016 23:56,56.5
pcass01-sjc02-prod,system.cpu.utilization,13-03-2016 23:57,49.1
pcass01-sjc02-prod,system.cpu.utilization,13-03-2016 23:58,42.6
pcass01-sjc02-prod,system.cpu.utilization,13-03-2016 23:59,41.7
pcass01-sjc02-prod,system.cpu.utilization,14-03-2016 00:00,54.9
pcass01-sjc02-prod,system.cpu.utilization,14-03-2016 00:01,54.4
pcass01-sjc02-prod,system.cpu.utilization,14-03-2016 00:02,51.1
pcass01-sjc02-prod,system.cpu.utilization,14-03-2016 00:03,56.1
pcass01-sjc02-prod,system.cpu.utilization,14-03-2016 00:04,57.2
pcass01-sjc02-prod,system.cpu.utilization,14-03-2016 00:05,59.1
pcass01-sjc02-prod,system.cpu.utilization,14-03-2016 00:06,54.7
pcass01-sjc02-prod,system.cpu.utilization,14-03-2016 00:07,60.1
pcass01-sjc02-prod,system.cpu.utilization,14-03-2016 00:08,58.2
pcass01-sjc02-prod,system.cpu.utilization,14-03-2016 00:09,67.9
pcass01-sjc02-prod,system.cpu.utilization,14-03-2016 00:10,54.2
pcass01-sjc02-prod,system.cpu.utilization,14-03-2016 00:11,52.1
pcass01-sjc02-prod,system.cpu.utilization,14-03-2016 00:12,53.5
pcass01-sjc02-prod,system.cpu.utilization,14-03-2016 00:13,60.2
pcass01-sjc02-prod,system.cpu.utilization,14-03-2016 00:14,54.9
pcass01-sjc02-prod,system.cpu.utilization,14-03-2016 00:15,58.4
pcass01-sjc02-prod,system.cpu.utilization,14-03-2016 00:16,61
pcass01-sjc02-prod,system.cpu.utilization,14-03-2016 00:17,60.3
pcass01-sjc02-prod,system.cpu.utilization,14-03-2016 00:18,55.1
pcass01-sjc02-prod,system.cpu.utilization,14-03-2016 00:19,65.4
pcass01-sjc02-prod,system.cpu.utilization,14-03-2016 00:20,58.9
pcass01-sjc02-prod,system.cpu.utilization,14-03-2016 00:21,63.3
pcass01-sjc02-prod,system.cpu.utilization,14-03-2016 00:22,52.2
pcass01-sjc02-prod,system.cpu.utilization,14-03-2016 00:23,52.9
pcass01-sjc02-prod,system.cpu.utilization,14-03-2016 00:24,60.8
pcass01-sjc02-prod,system.cpu.utilization,14-03-2016 00:25,67.2
pcass01-sjc02-prod,system.cpu.utilization,14-03-2016 00:26,66
pcass01-sjc02-prod,system.cpu.utilization,14-03-2016 00:26,66.9
pcass01-sjc02-prod,system.cpu.utilization,14-03-2016 00:27,55.2
pcass01-sjc02-prod,system.cpu.utilization,14-03-2016 00:28,61.2
pcass01-sjc02-prod,system.cpu.utilization,14-03-2016 00:29,59.3
pcass01-sjc02-prod,system.cpu.utilization,14-03-2016 00:30,61.7
pcass01-sjc02-prod,system.cpu.utilization,14-03-2016 00:31,55.3
pcass01-sjc02-prod,system.cpu.utilization,14-03-2016 00:32,66.2
pcass01-sjc02-prod,system.cpu.utilization,14-03-2016 00:33,63.8
pcass01-sjc02-prod,system.cpu.utilization,14-03-2016 00:34,52.5
pcass01-sjc02-prod,system.cpu.utilization,14-03-2016 00:35,55.6
pcass01-sjc02-prod,system.cpu.utilization,14-03-2016 00:36,59.9
pcass01-sjc02-prod,system.cpu.utilization,14-03-2016 00:37,53.3
pcass01-sjc02-prod,system.cpu.utilization,14-03-2016 00:38,55.3
pcass01-sjc02-prod,system.cpu.utilization,14-03-2016 00:39,57.8
pcass01-sjc02-prod,system.cpu.utilization,14-03-2016 00:40,64.5
pcass01-sjc02-prod,system.cpu.utilization,14-03-2016 00:41,51.3
pcass01-sjc02-prod,system.cpu.utilization,14-03-2016 00:42,50.5
pcass01-sjc02-prod,system.cpu.utilization,14-03-2016 00:43,52.8
pcass01-sjc02-prod,system.cpu.utilization,14-03-2016 00:44,66.1
pcass01-sjc02-prod,system.cpu.utilization,14-03-2016 00:45,62.8
pcass01-sjc02-prod,system.cpu.utilization,14-03-2016 00:46,56.9
pcass01-sjc02-prod,system.cpu.utilization,14-03-2016 00:47,61.5
pcass01-sjc02-prod,system.cpu.utilization,14-03-2016 00:48,64.1
pcass01-sjc02-prod,system.cpu.utilization,14-03-2016 00:49,53.5
pcass01-sjc02-prod,system.cpu.utilization,14-03-2016 00:50,53.3
pcass01-sjc02-prod,system.cpu.utilization,14-03-2016 00:51,57.4
pcass01-sjc02-prod,system.cpu.utilization,14-03-2016 00:52,64.7
pcass01-sjc02-prod,system.cpu.utilization,14-03-2016 00:53,58.4
pcass01-sjc02-prod,system.cpu.utilization,14-03-2016 00:54,54.1
pcass01-sjc02-prod,system.cpu.utilization,14-03-2016 00:55,54.2
pcass01-sjc02-prod,system.cpu.utilization,14-03-2016 00:56,65
pcass01-sjc02-prod,system.cpu.utilization,14-03-2016 00:57,65.6
pcass01-sjc02-prod,system.cpu.utilization,14-03-2016 00:58,45.7
pcass01-sjc02-prod,system.cpu.utilization,14-03-2016 00:59,45.1
pcass01-sjc02-prod,system.cpu.utilization,14-03-2016 01:00,42.5
pcass01-sjc02-prod,system.cpu.utilization,14-03-2016 01:01,41.6
pcass01-sjc02-prod,system.cpu.utilization,14-03-2016 01:02,61.1
pcass01-sjc02-prod,system.cpu.utilization,14-03-2016 01:03,54.8
pcass01-sjc02-prod,system.cpu.utilization,14-03-2016 01:04,55.6
pcass01-sjc02-prod,system.cpu.utilization,14-03-2016 01:05,52.2
pcass01-sjc02-prod,system.cpu.utilization,14-03-2016 01:06,52.6
pcass01-sjc02-prod,system.cpu.utilization,14-03-2016 01:07,64.9
pcass01-sjc02-prod,system.cpu.utilization,14-03-2016 01:08,61.7
pcass01-sjc02-prod,system.cpu.utilization,14-03-2016 01:09,62.3
pcass01-sjc02-prod,system.cpu.utilization,14-03-2016 01:10,60.4
pcass01-sjc02-prod,system.cpu.utilization,14-03-2016 01:11,55.4
pcass01-sjc02-prod,system.cpu.utilization,14-03-2016 01:12,62.2
pcass01-sjc02-prod,system.cpu.utilization,14-03-2016 01:13,52.8
pcass01-sjc02-prod,system.cpu.utilization,14-03-2016 01:14,52.3
pcass01-sjc02-prod,system.cpu.utilization,14-03-2016 01:15,56.9
pcass01-sjc02-prod,system.cpu.utilization,14-03-2016 01:16,58.1
pcass01-sjc02-prod,system.cpu.utilization,14-03-2016 01:17,53.9
pcass01-sjc02-prod,system.cpu.utilization,14-03-2016 01:18,58.1
pcass01-sjc02-prod,system.cpu.utilization,14-03-2016 01:19,53.9
pcass01-sjc02-prod,system.cpu.utilization,14-03-2016 01:20,55.9
pcass01-sjc02-prod,system.cpu.utilization,14-03-2016 01:21,61.2
pcass01-sjc02-prod,system.cpu.utilization,14-03-2016 01:22,50.9
pcass01-sjc02-prod,system.cpu.utilization,14-03-2016 01:23,51.3
pcass01-sjc02-prod,system.cpu.utilization,14-03-2016 01:24,55
pcass01-sjc02-prod,system.cpu.utilization,14-03-2016 01:25,53.1
pcass01-sjc02-prod,system.cpu.utilization,14-03-2016 01:26,60
pcass01-sjc02-prod,system.cpu.utilization,14-03-2016 01:27,47.3
pcass01-sjc02-prod,system.cpu.utilization,14-03-2016 01:28,56.7
pcass01-sjc02-prod,system.cpu.utilization,14-03-2016 01:29,55.8
pcass01-sjc02-prod,system.cpu.utilization,14-03-2016 01:30,45.4
pcass01-sjc02-prod,system.cpu.utilization,14-03-2016 01:31,54.3
pcass01-sjc02-prod,system.cpu.utilization,14-03-2016 01:32,52.4
pcass01-sjc02-prod,system.cpu.utilization,14-03-2016 01:33,61
pcass01-sjc02-prod,system.cpu.utilization,14-03-2016 01:34,46.1
pcass01-sjc02-prod,system.cpu.utilization,14-03-2016 01:35,36.4
pcass01-sjc02-prod,system.cpu.utilization,14-03-2016 01:36,47.3
pcass01-sjc02-prod,system.cpu.utilization,14-03-2016 01:37,44.7
pcass01-sjc02-prod,system.cpu.utilization,14-03-2016 01:38,42.9
pcass01-sjc02-prod,system.cpu.utilization,14-03-2016 01:39,43.6
pcass01-sjc02-prod,system.cpu.utilization,14-03-2016 01:40,41.4
pcass01-sjc02-prod,system.cpu.utilization,14-03-2016 01:41,50.8
pcass01-sjc02-prod,system.cpu.utilization,14-03-2016 01:42,37.5
pcass01-sjc02-prod,system.cpu.utilization,14-03-2016 01:43,32
pcass01-sjc02-prod,system.cpu.utilization,14-03-2016 01:44,40.8
pcass01-sjc02-prod,system.cpu.utilization,14-03-2016 01:45,46.5
pcass01-sjc02-prod,system.cpu.utilization,14-03-2016 01:46,52.8
pcass01-sjc02-prod,system.cpu.utilization,14-03-2016 01:47,42.4
pcass01-sjc02-prod,system.cpu.utilization,14-03-2016 01:48,50.5
pcass01-sjc02-prod,system.cpu.utilization,14-03-2016 01:49,52.7
pcass01-sjc02-prod,system.cpu.utilization,14-03-2016 01:50,38.2
pcass01-sjc02-prod,system.cpu.utilization,14-03-2016 01:51,41.1
pcass01-sjc02-prod,system.cpu.utilization,14-03-2016 01:52,41.7
pcass01-sjc02-prod,system.cpu.utilization,14-03-2016 01:53,45.8
pcass01-sjc02-prod,system.cpu.utilization,14-03-2016 01:54,40.6
pcass01-sjc02-prod,system.cpu.utilization,14-03-2016 01:55,34.4
pcass01-sjc02-prod,system.cpu.utilization,14-03-2016 01:56,48.3
pcass01-sjc02-prod,system.cpu.utilization,14-03-2016 01:57,47.2
pcass01-sjc02-prod,system.cpu.utilization,14-03-2016 01:58,43.9
pcass01-sjc02-prod,system.cpu.utilization,14-03-2016 01:59,33.8
pcass01-sjc02-prod,system.cpu.utilization,14-03-2016 02:00,43.2
pcass01-sjc02-prod,system.cpu.utilization,14-03-2016 02:01,59.1
pcass01-sjc02-prod,system.cpu.utilization,14-03-2016 02:02,46.8
pcass01-sjc02-prod,system.cpu.utilization,14-03-2016 02:03,51
pcass01-sjc02-prod,system.cpu.utilization,14-03-2016 02:04,52.6
pcass01-sjc02-prod,system.cpu.utilization,14-03-2016 02:05,47.4
pcass01-sjc02-prod,system.cpu.utilization,14-03-2016 02:06,48.4
pcass01-sjc02-prod,system.cpu.utilization,14-03-2016 02:07,46
pcass01-sjc02-prod,system.cpu.utilization,14-03-2016 02:08,45.6
pcass01-sjc02-prod,system.cpu.utilization,14-03-2016 02:09,55.7
pcass01-sjc02-prod,system.cpu.utilization,14-03-2016 02:10,42.3
pcass01-sjc02-prod,system.cpu.utilization,14-03-2016 02:11,40.4
pcass01-sjc02-prod,system.cpu.utilization,14-03-2016 02:12,41.9
pcass01-sjc02-prod,system.cpu.utilization,14-03-2016 02:13,54
pcass01-sjc02-prod,system.cpu.utilization,14-03-2016 02:14,39.9
pcass01-sjc02-prod,system.cpu.utilization,14-03-2016 02:15,32.2
pcass01-sjc02-prod,system.cpu.utilization,14-03-2016 02:16,49.5
pcass01-sjc02-prod,system.cpu.utilization,14-03-2016 02:17,55.5
pcass01-sjc02-prod,system.cpu.utilization,14-03-2016 02:18,43.7
pcass01-sjc02-prod,system.cpu.utilization,14-03-2016 02:19,42.6
pcass01-sjc02-prod,system.cpu.utilization,14-03-2016 02:20,46.8
pcass01-sjc02-prod,system.cpu.utilization,14-03-2016 02:21,51.7
pcass01-sjc02-prod,system.cpu.utilization,14-03-2016 02:22,37.4
pcass01-sjc02-prod,system.cpu.utilization,14-03-2016 02:23,37.2
pcass01-sjc02-prod,system.cpu.utilization,14-03-2016 02:24,37.5
pcass01-sjc02-prod,system.cpu.utilization,14-03-2016 02:25,33.7
pcass01-sjc02-prod,system.cpu.utilization,14-03-2016 02:26,39.5
pcass01-sjc02-prod,system.cpu.utilization,14-03-2016 02:27,31.4
pcass01-sjc02-prod,system.cpu.utilization,14-03-2016 02:28,33.2
pcass01-sjc02-prod,system.cpu.utilization,14-03-2016 02:29,35.4
pcass01-sjc02-prod,system.cpu.utilization,14-03-2016 02:30,34.1
pcass01-sjc02-prod,system.cpu.utilization,14-03-2016 02:31,54.2
pcass01-sjc02-prod,system.cpu.utilization,14-03-2016 02:32,49
pcass01-sjc02-prod,system.cpu.utilization,14-03-2016 02:33,52.8
pcass01-sjc02-prod,system.cpu.utilization,14-03-2016 02:34,51.3
pcass01-sjc02-prod,system.cpu.utilization,14-03-2016 02:35,45
pcass01-sjc02-prod,system.cpu.utilization,14-03-2016 02:36,49.2
pcass01-sjc02-prod,system.cpu.utilization,14-03-2016 02:37,46
pcass01-sjc02-prod,system.cpu.utilization,14-03-2016 02:38,45
pcass01-sjc02-prod,system.cpu.utilization,14-03-2016 02:39,47
pcass01-sjc02-prod,system.cpu.utilization,14-03-2016 02:40,51.6
pcass01-sjc02-prod,system.cpu.utilization,14-03-2016 02:41,61.1
pcass01-sjc02-prod,system.cpu.utilization,14-03-2016 02:42,50.7
pcass01-sjc02-prod,system.cpu.utilization,14-03-2016 02:43,47.1
pcass01-sjc02-prod,system.cpu.utilization,14-03-2016 02:44,56
pcass01-sjc02-prod,system.cpu.utilization,14-03-2016 02:45,57.1
pcass01-sjc02-prod,system.cpu.utilization,14-03-2016 02:46,57.1
pcass01-sjc02-prod,system.cpu.utilization,14-03-2016 02:47,50.8
pcass01-sjc02-prod,system.cpu.utilization,14-03-2016 02:48,53.6
pcass01-sjc02-prod,system.cpu.utilization,14-03-2016 02:49,54.9
pcass01-sjc02-prod,system.cpu.utilization,14-03-2016 02:50,48.8
pcass01-sjc02-prod,system.cpu.utilization,14-03-2016 02:51,58
pcass01-sjc02-prod,system.cpu.utilization,14-03-2016 02:52,53.9
pcass01-sjc02-prod,system.cpu.utilization,14-03-2016 02:53,55.1
pcass01-sjc02-prod,system.cpu.utilization,14-03-2016 02:54,47.2
pcass01-sjc02-prod,system.cpu.utilization,14-03-2016 02:55,46.8
pcass01-sjc02-prod,system.cpu.utilization,14-03-2016 02:56,54.6
pcass01-sjc02-prod,system.cpu.utilization,14-03-2016 02:57,50.7
pcass01-sjc02-prod,system.cpu.utilization,14-03-2016 02:58,49.4
pcass01-sjc02-prod,system.cpu.utilization,14-03-2016 02:59,45
pcass01-sjc02-prod,system.cpu.utilization,14-03-2016 03:00,40
pcass01-sjc02-prod,system.cpu.utilization,14-03-2016 03:01,61.3
pcass01-sjc02-prod,system.cpu.utilization,14-03-2016 03:02,51.3
pcass01-sjc02-prod,system.cpu.utilization,14-03-2016 03:03,49.7
pcass01-sjc02-prod,system.cpu.utilization,14-03-2016 03:04,61.1
pcass01-sjc02-prod,system.cpu.utilization,14-03-2016 03:05,58.1
pcass01-sjc02-prod,system.cpu.utilization,14-03-2016 03:06,64.5
pcass01-sjc02-prod,system.cpu.utilization,14-03-2016 03:07,59
pcass01-sjc02-prod,system.cpu.utilization,14-03-2016 03:08,57.3
pcass01-sjc02-prod,system.cpu.utilization,14-03-2016 03:09,64.8
pcass01-sjc02-prod,system.cpu.utilization,14-03-2016 03:10,55.4
pcass01-sjc02-prod,system.cpu.utilization,14-03-2016 03:11,55.5
pcass01-sjc02-prod,system.cpu.utilization,14-03-2016 03:12,58.8
pcass01-sjc02-prod,system.cpu.utilization,14-03-2016 03:13,62.9
pcass01-sjc02-prod,system.cpu.utilization,14-03-2016 03:14,51.3
pcass01-sjc02-prod,system.cpu.utilization,14-03-2016 03:15,52.9
pcass01-sjc02-prod,system.cpu.utilization,14-03-2016 03:16,66.3
pcass01-sjc02-prod,system.cpu.utilization,14-03-2016 03:17,57.2
pcass01-sjc02-prod,system.cpu.utilization,14-03-2016 03:18,62.8
pcass01-sjc02-prod,system.cpu.utilization,14-03-2016 03:19,63.3
pcass01-sjc02-prod,system.cpu.utilization,14-03-2016 03:20,58.1
pcass01-sjc02-prod,system.cpu.utilization,14-03-2016 03:21,66.1
pcass01-sjc02-prod,system.cpu.utilization,14-03-2016 03:22,52.9
pcass01-sjc02-prod,system.cpu.utilization,14-03-2016 03:23,53
pcass01-sjc02-prod,system.cpu.utilization,14-03-2016 03:24,60.4
pcass01-sjc02-prod,system.cpu.utilization,14-03-2016 03:25,47.9
pcass01-sjc02-prod,system.cpu.utilization,14-03-2016 03:26,57.9
pcass01-sjc02-prod,system.cpu.utilization,14-03-2016 03:27,56.6
pcass01-sjc02-prod,system.cpu.utilization,14-03-2016 03:28,54.8
pcass01-sjc02-prod,system.cpu.utilization,14-03-2016 03:29,70.6
pcass01-sjc02-prod,system.cpu.utilization,14-03-2016 03:30,64.4
pcass01-sjc02-prod,system.cpu.utilization,14-03-2016 03:31,63.1
pcass01-sjc02-prod,system.cpu.utilization,14-03-2016 03:32,70.4
pcass01-sjc02-prod,system.cpu.utilization,14-03-2016 03:33,64.5
pcass01-sjc02-prod,system.cpu.utilization,14-03-2016 03:34,64
pcass01-sjc02-prod,system.cpu.utilization,14-03-2016 03:35,58
pcass01-sjc02-prod,system.cpu.utilization,14-03-2016 03:36,62.7
pcass01-sjc02-prod,system.cpu.utilization,14-03-2016 03:37,59.7
pcass01-sjc02-prod,system.cpu.utilization,14-03-2016 03:38,55.8
pcass01-sjc02-prod,system.cpu.utilization,14-03-2016 03:39,54
pcass01-sjc02-prod,system.cpu.utilization,14-03-2016 03:40,53.4
pcass01-sjc02-prod,system.cpu.utilization,14-03-2016 03:41,65.5
pcass01-sjc02-prod,system.cpu.utilization,14-03-2016 03:42,53.4
pcass01-sjc02-prod,system.cpu.utilization,14-03-2016 03:43,56.3
pcass01-sjc02-prod,system.cpu.utilization,14-03-2016 03:44,57.5
pcass01-sjc02-prod,system.cpu.utilization,14-03-2016 03:45,63.8
pcass01-sjc02-prod,system.cpu.utilization,14-03-2016 03:46,64.9
pcass01-sjc02-prod,system.cpu.utilization,14-03-2016 03:47,59.2
pcass01-sjc02-prod,system.cpu.utilization,14-03-2016 03:48,63
pcass01-sjc02-prod,system.cpu.utilization,14-03-2016 03:49,62.1
pcass01-sjc02-prod,system.cpu.utilization,14-03-2016 03:50,52.3
pcass01-sjc02-prod,system.cpu.utilization,14-03-2016 03:51,58.4
pcass01-sjc02-prod,system.cpu.utilization,14-03-2016 03:52,57.9
pcass01-sjc02-prod,system.cpu.utilization,14-03-2016 03:53,64
pcass01-sjc02-prod,system.cpu.utilization,14-03-2016 03:54,56.3
pcass01-sjc02-prod,system.cpu.utilization,14-03-2016 03:55,54.5
pcass01-sjc02-prod,system.cpu.utilization,14-03-2016 03:56,63.8
pcass01-sjc02-prod,system.cpu.utilization,14-03-2016 03:57,61
pcass01-sjc02-prod,system.cpu.utilization,14-03-2016 03:58,61.7
pcass01-sjc02-prod,system.cpu.utilization,14-03-2016 03:59,53.1
pcass01-sjc02-prod,system.cpu.utilization,14-03-2016 04:00,55.2
pcass01-sjc02-prod,system.cpu.utilization,14-03-2016 04:01,59.9
pcass01-sjc02-prod,system.cpu.utilization,14-03-2016 04:02,60.1
pcass01-sjc02-prod,system.cpu.utilization,14-03-2016 04:03,55.4
pcass01-sjc02-prod,system.cpu.utilization,14-03-2016 04:04,57.8
pcass01-sjc02-prod,system.cpu.utilization,14-03-2016 04:05,54.4
pcass01-sjc02-prod,system.cpu.utilization,14-03-2016 04:06,58.9
pcass01-sjc02-prod,system.cpu.utilization,14-03-2016 04:07,51.5
pcass01-sjc02-prod,system.cpu.utilization,14-03-2016 04:08,54.7
pcass01-sjc02-prod,system.cpu.utilization,14-03-2016 04:09,55.4
pcass01-sjc02-prod,system.cpu.utilization,14-03-2016 04:10,46.3
pcass01-sjc02-prod,system.cpu.utilization,14-03-2016 04:11,55
pcass01-sjc02-prod,system.cpu.utilization,14-03-2016 04:12,54.1
pcass01-sjc02-prod,system.cpu.utilization,14-03-2016 04:13,56.5
pcass01-sjc02-prod,system.cpu.utilization,14-03-2016 04:14,51.3
pcass01-sjc02-prod,system.cpu.utilization,14-03-2016 04:15,48.9
pcass01-sjc02-prod,system.cpu.utilization,14-03-2016 04:16,64.6
pcass01-sjc02-prod,system.cpu.utilization,14-03-2016 04:17,53.4
pcass01-sjc02-prod,system.cpu.utilization,14-03-2016 04:18,53.7
pcass01-sjc02-prod,system.cpu.utilization,14-03-2016 04:19,51.5
pcass01-sjc02-prod,system.cpu.utilization,14-03-2016 04:20,52.2
pcass01-sjc02-prod,system.cpu.utilization,14-03-2016 04:21,61.5
pcass01-sjc02-prod,system.cpu.utilization,14-03-2016 04:22,53.5
pcass01-sjc02-prod,system.cpu.utilization,14-03-2016 04:23,48.8
pcass01-sjc02-prod,system.cpu.utilization,14-03-2016 04:24,60.8
pcass01-sjc02-prod,system.cpu.utilization,14-03-2016 04:25,47.8
pcass01-sjc02-prod,system.cpu.utilization,14-03-2016 04:26,48
pcass01-sjc02-prod,system.cpu.utilization,14-03-2016 04:27,42.8
pcass01-sjc02-prod,system.cpu.utilization,14-03-2016 04:28,48.9
pcass01-sjc02-prod,system.cpu.utilization,14-03-2016 04:29,57.4
pcass01-sjc02-prod,system.cpu.utilization,14-03-2016 04:30,48.8
pcass01-sjc02-prod,system.cpu.utilization,14-03-2016 04:31,50.8
pcass01-sjc02-prod,system.cpu.utilization,14-03-2016 04:32,51.9
pcass01-sjc02-prod,system.cpu.utilization,14-03-2016 04:33,58.5
pcass01-sjc02-prod,system.cpu.utilization,14-03-2016 04:34,57.7
pcass01-sjc02-prod,system.cpu.utilization,14-03-2016 04:35,44.9
pcass01-sjc02-prod,system.cpu.utilization,14-03-2016 04:36,57
pcass01-sjc02-prod,system.cpu.utilization,14-03-2016 04:37,56.1
pcass01-sjc02-prod,system.cpu.utilization,14-03-2016 04:38,54
pcass01-sjc02-prod,system.cpu.utilization,14-03-2016 04:39,56.5
pcass01-sjc02-prod,system.cpu.utilization,14-03-2016 04:40,50.8
pcass01-sjc02-prod,system.cpu.utilization,14-03-2016 04:41,59.5
pcass01-sjc02-prod,system.cpu.utilization,14-03-2016 04:42,47
pcass01-sjc02-prod,system.cpu.utilization,14-03-2016 04:43,43.6
pcass01-sjc02-prod,system.cpu.utilization,14-03-2016 04:44,51.6
pcass01-sjc02-prod,system.cpu.utilization,14-03-2016 04:45,51.5
pcass01-sjc02-prod,system.cpu.utilization,14-03-2016 04:46,55
pcass01-sjc02-prod,system.cpu.utilization,14-03-2016 04:47,44.7
pcass01-sjc02-prod,system.cpu.utilization,14-03-2016 04:48,51.2
pcass01-sjc02-prod,system.cpu.utilization,14-03-2016 04:49,61
pcass01-sjc02-prod,system.cpu.utilization,14-03-2016 04:50,46.8
pcass01-sjc02-prod,system.cpu.utilization,14-03-2016 04:51,51.4
pcass01-sjc02-prod,system.cpu.utilization,14-03-2016 04:52,54.5
pcass01-sjc02-prod,system.cpu.utilization,14-03-2016 04:53,55.5
pcass01-sjc02-prod,system.cpu.utilization,14-03-2016 04:54,56.8
pcass01-sjc02-prod,system.cpu.utilization,14-03-2016 04:55,47.2
pcass01-sjc02-prod,system.cpu.utilization,14-03-2016 04:56,54.6
pcass01-sjc02-prod,system.cpu.utilization,14-03-2016 04:57,51.7
pcass01-sjc02-prod,system.cpu.utilization,14-03-2016 04:58,43.5
pcass01-sjc02-prod,system.cpu.utilization,14-03-2016 04:59,43.8
pcass01-sjc02-prod,system.cpu.utilization,14-03-2016 05:00,35.5
pcass01-sjc02-prod,system.cpu.utilization,14-03-2016 05:01,58.6
pcass01-sjc02-prod,system.cpu.utilization,14-03-2016 05:02,48.3
pcass01-sjc02-prod,system.cpu.utilization,14-03-2016 05:03,48
pcass01-sjc02-prod,system.cpu.utilization,14-03-2016 05:04,63.1
pcass01-sjc02-prod,system.cpu.utilization,14-03-2016 05:05,58.1
pcass01-sjc02-prod,system.cpu.utilization,14-03-2016 05:06,54
pcass01-sjc02-prod,system.cpu.utilization,14-03-2016 05:07,46
pcass01-sjc02-prod,system.cpu.utilization,14-03-2016 05:08,47
pcass01-sjc02-prod,system.cpu.utilization,14-03-2016 05:09,53.7
pcass01-sjc02-prod,system.cpu.utilization,14-03-2016 05:10,38.8
pcass01-sjc02-prod,system.cpu.utilization,14-03-2016 05:11,47
pcass01-sjc02-prod,system.cpu.utilization,14-03-2016 05:12,49.9
pcass01-sjc02-prod,system.cpu.utilization,14-03-2016 05:13,59.7
pcass01-sjc02-prod,system.cpu.utilization,14-03-2016 05:14,53.9
pcass01-sjc02-prod,system.cpu.utilization,14-03-2016 05:15,39.7
pcass01-sjc02-prod,system.cpu.utilization,14-03-2016 05:16,56
pcass01-sjc02-prod,system.cpu.utilization,14-03-2016 05:17,55
pcass01-sjc02-prod,system.cpu.utilization,14-03-2016 05:18,54
pcass01-sjc02-prod,system.cpu.utilization,14-03-2016 05:19,52.5
pcass01-sjc02-prod,system.cpu.utilization,14-03-2016 05:20,50.4
pcass01-sjc02-prod,system.cpu.utilization,14-03-2016 05:21,61.4
pcass01-sjc02-prod,system.cpu.utilization,14-03-2016 05:22,52.5
pcass01-sjc02-prod,system.cpu.utilization,14-03-2016 05:23,53.9
pcass01-sjc02-prod,system.cpu.utilization,14-03-2016 05:24,52.4
pcass01-sjc02-prod,system.cpu.utilization,14-03-2016 05:25,42.5
pcass01-sjc02-prod,system.cpu.utilization,14-03-2016 05:26,40.1
pcass01-sjc02-prod,system.cpu.utilization,14-03-2016 05:27,35.5
pcass01-sjc02-prod,system.cpu.utilization,14-03-2016 05:28,39.5
pcass01-sjc02-prod,system.cpu.utilization,14-03-2016 05:29,50.6
pcass01-sjc02-prod,system.cpu.utilization,14-03-2016 05:30,42.3
pcass01-sjc02-prod,system.cpu.utilization,14-03-2016 05:31,49.1
pcass01-sjc02-prod,system.cpu.utilization,14-03-2016 05:32,59.6
pcass01-sjc02-prod,system.cpu.utilization,14-03-2016 05:33,53.4
pcass01-sjc02-prod,system.cpu.utilization,14-03-2016 05:34,51.7
pcass01-sjc02-prod,system.cpu.utilization,14-03-2016 05:35,42.4
pcass01-sjc02-prod,system.cpu.utilization,14-03-2016 05:36,53.1
pcass01-sjc02-prod,system.cpu.utilization,14-03-2016 05:37,56.4
pcass01-sjc02-prod,system.cpu.utilization,14-03-2016 05:38,52.7
pcass01-sjc02-prod,system.cpu.utilization,14-03-2016 05:39,52.8
pcass01-sjc02-prod,system.cpu.utilization,14-03-2016 05:40,57.7
pcass01-sjc02-prod,system.cpu.utilization,14-03-2016 05:41,52.9
pcass01-sjc02-prod,system.cpu.utilization,14-03-2016 05:42,49.4
pcass01-sjc02-prod,system.cpu.utilization,14-03-2016 05:43,44.4
pcass01-sjc02-prod,system.cpu.utilization,14-03-2016 05:44,57.6
pcass01-sjc02-prod,system.cpu.utilization,14-03-2016 05:45,54.2
pcass01-sjc02-prod,system.cpu.utilization,14-03-2016 05:46,62.3
pcass01-sjc02-prod,system.cpu.utilization,14-03-2016 05:47,55.2
pcass01-sjc02-prod,system.cpu.utilization,14-03-2016 05:48,56.2
pcass01-sjc02-prod,system.cpu.utilization,14-03-2016 05:49,61.7
pcass01-sjc02-prod,system.cpu.utilization,14-03-2016 05:50,51.8
pcass01-sjc02-prod,system.cpu.utilization,14-03-2016 05:51,49.8
pcass01-sjc02-prod,system.cpu.utilization,14-03-2016 05:52,55.9
pcass01-sjc02-prod,system.cpu.utilization,14-03-2016 05:53,59
pcass01-sjc02-prod,system.cpu.utilization,14-03-2016 05:54,57.8
pcass01-sjc02-prod,system.cpu.utilization,14-03-2016 05:55,43.9
pcass01-sjc02-prod,system.cpu.utilization,14-03-2016 05:56,50.5
pcass01-sjc02-prod,system.cpu.utilization,14-03-2016 05:57,57.7
pcass01-sjc02-prod,system.cpu.utilization,14-03-2016 05:58,48.6
pcass01-sjc02-prod,system.cpu.utilization,14-03-2016 05:59,51.1
pcass01-sjc02-prod,system.cpu.utilization,14-03-2016 06:00,50.3
pcass01-sjc02-prod,system.cpu.utilization,14-03-2016 06:01,64.6
pcass01-sjc02-prod,system.cpu.utilization,14-03-2016 06:02,53.7
pcass01-sjc02-prod,system.cpu.utilization,14-03-2016 06:03,55
pcass01-sjc02-prod,system.cpu.utilization,14-03-2016 06:04,64.2
pcass01-sjc02-prod,system.cpu.utilization,14-03-2016 06:05,57.7
pcass01-sjc02-prod,system.cpu.utilization,14-03-2016 06:06,54.9
pcass01-sjc02-prod,system.cpu.utilization,14-03-2016 06:07,53.2
pcass01-sjc02-prod,system.cpu.utilization,14-03-2016 06:08,63.5
pcass01-sjc02-prod,system.cpu.utilization,14-03-2016 06:09,70.2
pcass01-sjc02-prod,system.cpu.utilization,14-03-2016 06:10,60.8
pcass01-sjc02-prod,system.cpu.utilization,14-03-2016 06:11,57.4
pcass01-sjc02-prod,system.cpu.utilization,14-03-2016 06:12,57.5
pcass01-sjc02-prod,system.cpu.utilization,14-03-2016 06:13,58.7
pcass01-sjc02-prod,system.cpu.utilization,14-03-2016 06:14,60.7
pcass01-sjc02-prod,system.cpu.utilization,14-03-2016 06:15,61.3
pcass01-sjc02-prod,system.cpu.utilization,14-03-2016 06:16,64.8
pcass01-sjc02-prod,system.cpu.utilization,14-03-2016 06:17,62.9
pcass01-sjc02-prod,system.cpu.utilization,14-03-2016 06:18,61.1
pcass01-sjc02-prod,system.cpu.utilization,14-03-2016 06:19,64.6
pcass01-sjc02-prod,system.cpu.utilization,14-03-2016 06:20,63.5
pcass01-sjc02-prod,system.cpu.utilization,14-03-2016 06:21,63.6
pcass01-sjc02-prod,system.cpu.utilization,14-03-2016 06:22,59.1
pcass01-sjc02-prod,system.cpu.utilization,14-03-2016 06:23,54
pcass01-sjc02-prod,system.cpu.utilization,14-03-2016 06:24,64.5
pcass01-sjc02-prod,system.cpu.utilization,14-03-2016 06:25,61.2
pcass01-sjc02-prod,system.cpu.utilization,14-03-2016 06:26,58.3
pcass01-sjc02-prod,system.cpu.utilization,14-03-2016 06:27,68.4
pcass01-sjc02-prod,system.cpu.utilization,14-03-2016 06:28,54.9
pcass01-sjc02-prod,system.cpu.utilization,14-03-2016 06:29,69.8
pcass01-sjc02-prod,system.cpu.utilization,14-03-2016 06:30,61.2
pcass01-sjc02-prod,system.cpu.utilization,14-03-2016 06:31,62.7
pcass01-sjc02-prod,system.cpu.utilization,14-03-2016 06:32,59.7
pcass01-sjc02-prod,system.cpu.utilization,14-03-2016 06:33,68.1
pcass01-sjc02-prod,system.cpu.utilization,14-03-2016 06:34,63.3
pcass01-sjc02-prod,system.cpu.utilization,14-03-2016 06:35,48.5
pcass01-sjc02-prod,system.cpu.utilization,14-03-2016 06:36,57.4
pcass01-sjc02-prod,system.cpu.utilization,14-03-2016 06:37,55.4
pcass01-sjc02-prod,system.cpu.utilization,14-03-2016 06:38,45.6
pcass01-sjc02-prod,system.cpu.utilization,14-03-2016 06:39,50.2
pcass01-sjc02-prod,system.cpu.utilization,14-03-2016 06:40,50.2
pcass01-sjc02-prod,system.cpu.utilization,14-03-2016 06:41,54.9
pcass01-sjc02-prod,system.cpu.utilization,14-03-2016 06:42,50
pcass01-sjc02-prod,system.cpu.utilization,14-03-2016 06:43,51.2
pcass01-sjc02-prod,system.cpu.utilization,14-03-2016 06:44,55.9
pcass01-sjc02-prod,system.cpu.utilization,14-03-2016 06:45,65.1
pcass01-sjc02-prod,system.cpu.utilization,14-03-2016 06:46,61.4
pcass01-sjc02-prod,system.cpu.utilization,14-03-2016 06:47,58.3
pcass01-sjc02-prod,system.cpu.utilization,14-03-2016 06:48,65.1
pcass01-sjc02-prod,system.cpu.utilization,14-03-2016 06:49,58.1
pcass01-sjc02-prod,system.cpu.utilization,14-03-2016 06:50,52.2
pcass01-sjc02-prod,system.cpu.utilization,14-03-2016 06:51,55.8
pcass01-sjc02-prod,system.cpu.utilization,14-03-2016 06:52,55.4
pcass01-sjc02-prod,system.cpu.utilization,14-03-2016 06:53,64.6
pcass01-sjc02-prod,system.cpu.utilization,14-03-2016 06:54,58.8
pcass01-sjc02-prod,system.cpu.utilization,14-03-2016 06:55,52
pcass01-sjc02-prod,system.cpu.utilization,14-03-2016 06:56,55.8
pcass01-sjc02-prod,system.cpu.utilization,14-03-2016 06:57,61.1
pcass01-sjc02-prod,system.cpu.utilization,14-03-2016 06:58,59.4
pcass01-sjc02-prod,system.cpu.utilization,14-03-2016 06:59,60.3
pcass01-sjc02-prod,system.cpu.utilization,14-03-2016 07:00,51.5
pcass01-sjc02-prod,system.cpu.utilization,14-03-2016 07:01,60.7
pcass01-sjc02-prod,system.cpu.utilization,14-03-2016 07:02,54.1
pcass01-sjc02-prod,system.cpu.utilization,14-03-2016 07:03,54.7
pcass01-sjc02-prod,system.cpu.utilization,14-03-2016 07:04,56.6
pcass01-sjc02-prod,system.cpu.utilization,14-03-2016 07:05,53.9
pcass01-sjc02-prod,system.cpu.utilization,14-03-2016 07:06,50.3
pcass01-sjc02-prod,system.cpu.utilization,14-03-2016 07:07,38
pcass01-sjc02-prod,system.cpu.utilization,14-03-2016 07:08,48.1
pcass01-sjc02-prod,system.cpu.utilization,14-03-2016 07:09,61.1
pcass01-sjc02-prod,system.cpu.utilization,14-03-2016 07:10,44.4
pcass01-sjc02-prod,system.cpu.utilization,14-03-2016 07:11,47.4
pcass01-sjc02-prod,system.cpu.utilization,14-03-2016 07:12,46.2
pcass01-sjc02-prod,system.cpu.utilization,14-03-2016 07:13,56.8
pcass01-sjc02-prod,system.cpu.utilization,14-03-2016 07:14,48.2
pcass01-sjc02-prod,system.cpu.utilization,14-03-2016 07:15,36.1
pcass01-sjc02-prod,system.cpu.utilization,14-03-2016 07:16,48.4
pcass01-sjc02-prod,system.cpu.utilization,14-03-2016 07:17,54.6
pcass01-sjc02-prod,system.cpu.utilization,14-03-2016 07:18,41.9
pcass01-sjc02-prod,system.cpu.utilization,14-03-2016 07:19,42.9
pcass01-sjc02-prod,system.cpu.utilization,14-03-2016 07:20,37.4
pcass01-sjc02-prod,system.cpu.utilization,14-03-2016 07:21,49.3
pcass01-sjc02-prod,system.cpu.utilization,14-03-2016 07:22,41.5
pcass01-sjc02-prod,system.cpu.utilization,14-03-2016 07:23,38.6
pcass01-sjc02-prod,system.cpu.utilization,14-03-2016 07:24,52.9
pcass01-sjc02-prod,system.cpu.utilization,14-03-2016 07:25,54.1
pcass01-sjc02-prod,system.cpu.utilization,14-03-2016 07:26,49.1
pcass01-sjc02-prod,system.cpu.utilization,14-03-2016 07:27,43.4
pcass01-sjc02-prod,system.cpu.utilization,14-03-2016 07:28,48.6
pcass01-sjc02-prod,system.cpu.utilization,14-03-2016 07:29,58.6
pcass01-sjc02-prod,system.cpu.utilization,14-03-2016 07:30,43.9
pcass01-sjc02-prod,system.cpu.utilization,14-03-2016 07:31,56.3
pcass01-sjc02-prod,system.cpu.utilization,14-03-2016 07:32,53
pcass01-sjc02-prod,system.cpu.utilization,14-03-2016 07:33,56.6
pcass01-sjc02-prod,system.cpu.utilization,14-03-2016 07:34,54.5
pcass01-sjc02-prod,system.cpu.utilization,14-03-2016 07:35,47.7
pcass01-sjc02-prod,system.cpu.utilization,14-03-2016 07:36,54.6
pcass01-sjc02-prod,system.cpu.utilization,14-03-2016 07:37,52.8
pcass01-sjc02-prod,system.cpu.utilization,14-03-2016 07:38,47.6
pcass01-sjc02-prod,system.cpu.utilization,14-03-2016 07:39,52
pcass01-sjc02-prod,system.cpu.utilization,14-03-2016 07:40,43.3
pcass01-sjc02-prod,system.cpu.utilization,14-03-2016 07:41,56.3
pcass01-sjc02-prod,system.cpu.utilization,14-03-2016 07:42,52.7
pcass01-sjc02-prod,system.cpu.utilization,14-03-2016 07:43,50.5
pcass01-sjc02-prod,system.cpu.utilization,14-03-2016 07:44,55.5
pcass01-sjc02-prod,system.cpu.utilization,14-03-2016 07:45,58.8
pcass01-sjc02-prod,system.cpu.utilization,14-03-2016 07:46,55.5
pcass01-sjc02-prod,system.cpu.utilization,14-03-2016 07:47,53.8
pcass01-sjc02-prod,system.cpu.utilization,14-03-2016 07:48,55.2
pcass01-sjc02-prod,system.cpu.utilization,14-03-2016 07:49,60.2
pcass01-sjc02-prod,system.cpu.utilization,14-03-2016 07:50,48.6
pcass01-sjc02-prod,system.cpu.utilization,14-03-2016 07:51,48
pcass01-sjc02-prod,system.cpu.utilization,14-03-2016 07:52,56.1
pcass01-sjc02-prod,system.cpu.utilization,14-03-2016 07:53,58.8
pcass01-sjc02-prod,system.cpu.utilization,14-03-2016 07:54,57.4
pcass01-sjc02-prod,system.cpu.utilization,14-03-2016 07:55,44.2
pcass01-sjc02-prod,system.cpu.utilization,14-03-2016 07:56,48.1
pcass01-sjc02-prod,system.cpu.utilization,14-03-2016 07:57,50.1
pcass01-sjc02-prod,system.cpu.utilization,14-03-2016 07:58,42.9
pcass01-sjc02-prod,system.cpu.utilization,14-03-2016 07:59,41.3
pcass01-sjc02-prod,system.cpu.utilization,14-03-2016 08:00,37.7
pcass01-sjc02-prod,system.cpu.utilization,14-03-2016 08:01,55.7
pcass01-sjc02-prod,system.cpu.utilization,14-03-2016 08:02,47
pcass01-sjc02-prod,system.cpu.utilization,14-03-2016 08:03,45.1
pcass01-sjc02-prod,system.cpu.utilization,14-03-2016 08:04,61.1
pcass01-sjc02-prod,system.cpu.utilization,14-03-2016 08:05,55.8
pcass01-sjc02-prod,system.cpu.utilization,14-03-2016 08:06,49.4
pcass01-sjc02-prod,system.cpu.utilization,14-03-2016 08:07,39.3
pcass01-sjc02-prod,system.cpu.utilization,14-03-2016 08:08,41.9
pcass01-sjc02-prod,system.cpu.utilization,14-03-2016 08:09,54.3
pcass01-sjc02-prod,system.cpu.utilization,14-03-2016 08:10,34.6
pcass01-sjc02-prod,system.cpu.utilization,14-03-2016 08:11,36.7
pcass01-sjc02-prod,system.cpu.utilization,14-03-2016 08:12,43.7
pcass01-sjc02-prod,system.cpu.utilization,14-03-2016 08:13,55.8
pcass01-sjc02-prod,system.cpu.utilization,14-03-2016 08:14,49.8
pcass01-sjc02-prod,system.cpu.utilization,14-03-2016 08:15,42.9
pcass01-sjc02-prod,system.cpu.utilization,14-03-2016 08:16,48.1
pcass01-sjc02-prod,system.cpu.utilization,14-03-2016 08:17,49
pcass01-sjc02-prod,system.cpu.utilization,14-03-2016 08:18,39.7
pcass01-sjc02-prod,system.cpu.utilization,14-03-2016 08:19,39.8
pcass01-sjc02-prod,system.cpu.utilization,14-03-2016 08:20,35.6
pcass01-sjc02-prod,system.cpu.utilization,14-03-2016 08:21,58
pcass01-sjc02-prod,system.cpu.utilization,14-03-2016 08:22,49.1
pcass01-sjc02-prod,system.cpu.utilization,14-03-2016 08:23,46.9
pcass01-sjc02-prod,system.cpu.utilization,14-03-2016 08:24,47.1
pcass01-sjc02-prod,system.cpu.utilization,14-03-2016 08:25,35.1
pcass01-sjc02-prod,system.cpu.utilization,14-03-2016 08:26,35.6
pcass01-sjc02-prod,system.cpu.utilization,14-03-2016 08:27,35.6
pcass01-sjc02-prod,system.cpu.utilization,14-03-2016 08:28,33.9
pcass01-sjc02-prod,system.cpu.utilization,14-03-2016 08:29,39.5
pcass01-sjc02-prod,system.cpu.utilization,14-03-2016 08:30,30
pcass01-sjc02-prod,system.cpu.utilization,14-03-2016 08:31,51.5
pcass01-sjc02-prod,system.cpu.utilization,14-03-2016 08:32,50.6
pcass01-sjc02-prod,system.cpu.utilization,14-03-2016 08:33,49.6
pcass01-sjc02-prod,system.cpu.utilization,14-03-2016 08:34,40.9
pcass01-sjc02-prod,system.cpu.utilization,14-03-2016 08:35,29.4
pcass01-sjc02-prod,system.cpu.utilization,14-03-2016 08:36,40
pcass01-sjc02-prod,system.cpu.utilization,14-03-2016 08:37,48.6
pcass01-sjc02-prod,system.cpu.utilization,14-03-2016 08:38,42.1
pcass01-sjc02-prod,system.cpu.utilization,14-03-2016 08:39,48.7
pcass01-sjc02-prod,system.cpu.utilization,14-03-2016 08:40,50.4
pcass01-sjc02-prod,system.cpu.utilization,14-03-2016 08:41,51.2
pcass01-sjc02-prod,system.cpu.utilization,14-03-2016 08:42,48.6
pcass01-sjc02-prod,system.cpu.utilization,14-03-2016 08:43,47.8
pcass01-sjc02-prod,system.cpu.utilization,14-03-2016 08:44,56.4
pcass01-sjc02-prod,system.cpu.utilization,14-03-2016 08:45,52.8
pcass01-sjc02-prod,system.cpu.utilization,14-03-2016 08:46,60.3
pcass01-sjc02-prod,system.cpu.utilization,14-03-2016 08:47,54.7
pcass01-sjc02-prod,system.cpu.utilization,14-03-2016 08:48,45.4
pcass01-sjc02-prod,system.cpu.utilization,14-03-2016 08:49,55.2
pcass01-sjc02-prod,system.cpu.utilization,14-03-2016 08:50,41.4
pcass01-sjc02-prod,system.cpu.utilization,14-03-2016 08:51,38.5
pcass01-sjc02-prod,system.cpu.utilization,14-03-2016 08:52,47.9
pcass01-sjc02-prod,system.cpu.utilization,14-03-2016 08:53,53.4
pcass01-sjc02-prod,system.cpu.utilization,14-03-2016 08:54,49.4
pcass01-sjc02-prod,system.cpu.utilization,14-03-2016 08:55,31.9
pcass01-sjc02-prod,system.cpu.utilization,14-03-2016 08:56,42.3
pcass01-sjc02-prod,system.cpu.utilization,14-03-2016 08:57,53.5
pcass01-sjc02-prod,system.cpu.utilization,14-03-2016 08:58,38.2
pcass01-sjc02-prod,system.cpu.utilization,14-03-2016 08:59,40.1
pcass01-sjc02-prod,system.cpu.utilization,14-03-2016 09:00,37.9
pcass01-sjc02-prod,system.cpu.utilization,14-03-2016 09:01,58.4
pcass01-sjc02-prod,system.cpu.utilization,14-03-2016 09:02,58.5
pcass01-sjc02-prod,system.cpu.utilization,14-03-2016 09:03,50.2
pcass01-sjc02-prod,system.cpu.utilization,14-03-2016 09:04,58.4
pcass01-sjc02-prod,system.cpu.utilization,14-03-2016 09:05,51.4
pcass01-sjc02-prod,system.cpu.utilization,14-03-2016 09:06,48.5
pcass01-sjc02-prod,system.cpu.utilization,14-03-2016 09:07,63.1
pcass01-sjc02-prod,system.cpu.utilization,14-03-2016 09:08,56.8
pcass01-sjc02-prod,system.cpu.utilization,14-03-2016 09:09,63.6
pcass01-sjc02-prod,system.cpu.utilization,14-03-2016 09:10,52.2
pcass01-sjc02-prod,system.cpu.utilization,14-03-2016 09:11,49.8
pcass01-sjc02-prod,system.cpu.utilization,14-03-2016 09:12,55.6
pcass01-sjc02-prod,system.cpu.utilization,14-03-2016 09:13,51
pcass01-sjc02-prod,system.cpu.utilization,14-03-2016 09:14,48.8
pcass01-sjc02-prod,system.cpu.utilization,14-03-2016 09:15,53.8
pcass01-sjc02-prod,system.cpu.utilization,14-03-2016 09:16,56.5
pcass01-sjc02-prod,system.cpu.utilization,14-03-2016 09:17,60.1
pcass01-sjc02-prod,system.cpu.utilization,14-03-2016 09:18,55.4
pcass01-sjc02-prod,system.cpu.utilization,14-03-2016 09:19,60.1
pcass01-sjc02-prod,system.cpu.utilization,14-03-2016 09:20,53.5
pcass01-sjc02-prod,system.cpu.utilization,14-03-2016 09:21,61.6
pcass01-sjc02-prod,system.cpu.utilization,14-03-2016 09:22,56.6
pcass01-sjc02-prod,system.cpu.utilization,14-03-2016 09:23,47.4
pcass01-sjc02-prod,system.cpu.utilization,14-03-2016 09:24,58
pcass01-sjc02-prod,system.cpu.utilization,14-03-2016 09:25,53.4
pcass01-sjc02-prod,system.cpu.utilization,14-03-2016 09:26,48
pcass01-sjc02-prod,system.cpu.utilization,14-03-2016 09:27,58.9
pcass01-sjc02-prod,system.cpu.utilization,14-03-2016 09:28,60.5
pcass01-sjc02-prod,system.cpu.utilization,14-03-2016 09:29,68.5
pcass01-sjc02-prod,system.cpu.utilization,14-03-2016 09:30,60.8
pcass01-sjc02-prod,system.cpu.utilization,14-03-2016 09:31,61.1
pcass01-sjc02-prod,system.cpu.utilization,14-03-2016 09:32,67.9
pcass01-sjc02-prod,system.cpu.utilization,14-03-2016 09:33,59.7
pcass01-sjc02-prod,system.cpu.utilization,14-03-2016 09:34,53.5
pcass01-sjc02-prod,system.cpu.utilization,14-03-2016 09:35,57.8
pcass01-sjc02-prod,system.cpu.utilization,14-03-2016 09:36,60.7
pcass01-sjc02-prod,system.cpu.utilization,14-03-2016 09:37,58.7
pcass01-sjc02-prod,system.cpu.utilization,14-03-2016 09:38,52.8
pcass01-sjc02-prod,system.cpu.utilization,14-03-2016 09:39,60.2
pcass01-sjc02-prod,system.cpu.utilization,14-03-2016 09:40,58
pcass01-sjc02-prod,system.cpu.utilization,14-03-2016 09:41,56.3
pcass01-sjc02-prod,system.cpu.utilization,14-03-2016 09:42,49.3
pcass01-sjc02-prod,system.cpu.utilization,14-03-2016 09:43,48
pcass01-sjc02-prod,system.cpu.utilization,14-03-2016 09:44,58.5
pcass01-sjc02-prod,system.cpu.utilization,14-03-2016 09:45,64
pcass01-sjc02-prod,system.cpu.utilization,14-03-2016 09:46,58.9
pcass01-sjc02-prod,system.cpu.utilization,14-03-2016 09:47,59.8
pcass01-sjc02-prod,system.cpu.utilization,14-03-2016 09:48,64.1
pcass01-sjc02-prod,system.cpu.utilization,14-03-2016 09:49,63
pcass01-sjc02-prod,system.cpu.utilization,14-03-2016 09:50,57.3
pcass01-sjc02-prod,system.cpu.utilization,14-03-2016 09:51,54.9
pcass01-sjc02-prod,system.cpu.utilization,14-03-2016 09:52,59.5
pcass01-sjc02-prod,system.cpu.utilization,14-03-2016 09:53,57.2
pcass01-sjc02-prod,system.cpu.utilization,14-03-2016 09:54,53.4
pcass01-sjc02-prod,system.cpu.utilization,14-03-2016 09:55,47.8
pcass01-sjc02-prod,system.cpu.utilization,14-03-2016 09:56,49
pcass01-sjc02-prod,system.cpu.utilization,14-03-2016 09:57,57.8
pcass01-sjc02-prod,system.cpu.utilization,14-03-2016 09:58,55
pcass01-sjc02-prod,system.cpu.utilization,14-03-2016 09:59,50.8
pcass01-sjc02-prod,system.cpu.utilization,14-03-2016 10:00,49.5
pcass01-sjc02-prod,system.cpu.utilization,14-03-2016 10:01,53.3
pcass01-sjc02-prod,system.cpu.utilization,14-03-2016 10:02,53.5
pcass01-sjc02-prod,system.cpu.utilization,14-03-2016 10:03,49.6
pcass01-sjc02-prod,system.cpu.utilization,14-03-2016 10:04,56.3
pcass01-sjc02-prod,system.cpu.utilization,14-03-2016 10:05,57.2
pcass01-sjc02-prod,system.cpu.utilization,14-03-2016 10:06,46.8
pcass01-sjc02-prod,system.cpu.utilization,14-03-2016 10:07,41.5
pcass01-sjc02-prod,system.cpu.utilization,14-03-2016 10:08,47.5
pcass01-sjc02-prod,system.cpu.utilization,14-03-2016 10:09,62.4
pcass01-sjc02-prod,system.cpu.utilization,14-03-2016 10:10,50.9
pcass01-sjc02-prod,system.cpu.utilization,14-03-2016 10:11,44.2
pcass01-sjc02-prod,system.cpu.utilization,14-03-2016 10:12,48.1
pcass01-sjc02-prod,system.cpu.utilization,14-03-2016 10:13,53.5
pcass01-sjc02-prod,system.cpu.utilization,14-03-2016 10:14,54.2
pcass01-sjc02-prod,system.cpu.utilization,14-03-2016 10:15,46
pcass01-sjc02-prod,system.cpu.utilization,14-03-2016 10:16,54.2
pcass01-sjc02-prod,system.cpu.utilization,14-03-2016 10:17,55.8
pcass01-sjc02-prod,system.cpu.utilization,14-03-2016 10:18,49.3
pcass01-sjc02-prod,system.cpu.utilization,14-03-2016 10:19,46.4
pcass01-sjc02-prod,system.cpu.utilization,14-03-2016 10:20,43.9
pcass01-sjc02-prod,system.cpu.utilization,14-03-2016 10:21,43
pcass01-sjc02-prod,system.cpu.utilization,14-03-2016 10:22,40.9
pcass01-sjc02-prod,system.cpu.utilization,14-03-2016 10:23,41.1
pcass01-sjc02-prod,system.cpu.utilization,14-03-2016 10:24,53
pcass01-sjc02-prod,system.cpu.utilization,14-03-2016 10:25,45.5
pcass01-sjc02-prod,system.cpu.utilization,14-03-2016 10:26,39.1
pcass01-sjc02-prod,system.cpu.utilization,14-03-2016 10:27,40.2
pcass01-sjc02-prod,system.cpu.utilization,14-03-2016 10:28,39.3
pcass01-sjc02-prod,system.cpu.utilization,14-03-2016 10:29,52.2
pcass01-sjc02-prod,system.cpu.utilization,14-03-2016 10:30,43.3
pcass01-sjc02-prod,system.cpu.utilization,14-03-2016 10:31,45.5
pcass01-sjc02-prod,system.cpu.utilization,14-03-2016 10:32,48.8
pcass01-sjc02-prod,system.cpu.utilization,14-03-2016 10:33,52.4
pcass01-sjc02-prod,system.cpu.utilization,14-03-2016 10:34,48.2
pcass01-sjc02-prod,system.cpu.utilization,14-03-2016 10:35,42.2
pcass01-sjc02-prod,system.cpu.utilization,14-03-2016 10:36,47.2
pcass01-sjc02-prod,system.cpu.utilization,14-03-2016 10:37,52.8
pcass01-sjc02-prod,system.cpu.utilization,14-03-2016 10:38,45.4
pcass01-sjc02-prod,system.cpu.utilization,14-03-2016 10:39,45.2
pcass01-sjc02-prod,system.cpu.utilization,14-03-2016 10:40,46
pcass01-sjc02-prod,system.cpu.utilization,14-03-2016 10:41,54
pcass01-sjc02-prod,system.cpu.utilization,14-03-2016 10:42,46.9
pcass01-sjc02-prod,system.cpu.utilization,14-03-2016 10:43,41.8
pcass01-sjc02-prod,system.cpu.utilization,14-03-2016 10:44,45.2
pcass01-sjc02-prod,system.cpu.utilization,14-03-2016 10:45,48.9
pcass01-sjc02-prod,system.cpu.utilization,14-03-2016 10:46,52.4
pcass01-sjc02-prod,system.cpu.utilization,14-03-2016 10:47,46.9
pcass01-sjc02-prod,system.cpu.utilization,14-03-2016 10:48,44.6
pcass01-sjc02-prod,system.cpu.utilization,14-03-2016 10:49,56.3
pcass01-sjc02-prod,system.cpu.utilization,14-03-2016 10:50,41.2
pcass01-sjc02-prod,system.cpu.utilization,14-03-2016 10:51,39.5
pcass01-sjc02-prod,system.cpu.utilization,14-03-2016 10:52,43.8
pcass01-sjc02-prod,system.cpu.utilization,14-03-2016 10:53,49.5
pcass01-sjc02-prod,system.cpu.utilization,14-03-2016 10:54,46
pcass01-sjc02-prod,system.cpu.utilization,14-03-2016 10:55,35.5
pcass01-sjc02-prod,system.cpu.utilization,14-03-2016 10:56,45.9
pcass01-sjc02-prod,system.cpu.utilization,14-03-2016 10:57,45.5
pcass01-sjc02-prod,system.cpu.utilization,14-03-2016 10:58,40.4
pcass01-sjc02-prod,system.cpu.utilization,14-03-2016 10:59,41.3
pcass01-sjc02-prod,system.cpu.utilization,14-03-2016 11:00,45.4
pcass01-sjc02-prod,system.cpu.utilization,14-03-2016 11:01,58.9
pcass01-sjc02-prod,system.cpu.utilization,14-03-2016 11:02,46
pcass01-sjc02-prod,system.cpu.utilization,14-03-2016 11:03,53
pcass01-sjc02-prod,system.cpu.utilization,14-03-2016 11:04,57.5
pcass01-sjc02-prod,system.cpu.utilization,14-03-2016 11:05,49.9
pcass01-sjc02-prod,system.cpu.utilization,14-03-2016 11:06,42.5
pcass01-sjc02-prod,system.cpu.utilization,14-03-2016 11:07,38.2
pcass01-sjc02-prod,system.cpu.utilization,14-03-2016 11:08,42
pcass01-sjc02-prod,system.cpu.utilization,14-03-2016 11:09,53.6
pcass01-sjc02-prod,system.cpu.utilization,14-03-2016 11:10,46.7
pcass01-sjc02-prod,system.cpu.utilization,14-03-2016 11:11,43.1
pcass01-sjc02-prod,system.cpu.utilization,14-03-2016 11:12,44.9
pcass01-sjc02-prod,system.cpu.utilization,14-03-2016 11:13,58.2
pcass01-sjc02-prod,system.cpu.utilization,14-03-2016 11:14,47.2
pcass01-sjc02-prod,system.cpu.utilization,14-03-2016 11:15,45.4
pcass01-sjc02-prod,system.cpu.utilization,14-03-2016 11:16,55.8
pcass01-sjc02-prod,system.cpu.utilization,14-03-2016 11:17,60
pcass01-sjc02-prod,system.cpu.utilization,14-03-2016 11:18,53.3
pcass01-sjc02-prod,system.cpu.utilization,14-03-2016 11:19,55.9
pcass01-sjc02-prod,system.cpu.utilization,14-03-2016 11:20,59.4
pcass01-sjc02-prod,system.cpu.utilization,14-03-2016 11:21,62.3
pcass01-sjc02-prod,system.cpu.utilization,14-03-2016 11:22,56.4
pcass01-sjc02-prod,system.cpu.utilization,14-03-2016 11:23,51.6
pcass01-sjc02-prod,system.cpu.utilization,14-03-2016 11:24,55.2
pcass01-sjc02-prod,system.cpu.utilization,14-03-2016 11:25,52.1
pcass01-sjc02-prod,system.cpu.utilization,14-03-2016 11:26,46.6
pcass01-sjc02-prod,system.cpu.utilization,14-03-2016 11:27,40.7
pcass01-sjc02-prod,system.cpu.utilization,14-03-2016 11:28,47.5
pcass01-sjc02-prod,system.cpu.utilization,14-03-2016 11:29,57.4
pcass01-sjc02-prod,system.cpu.utilization,14-03-2016 11:30,42.7
pcass01-sjc02-prod,system.cpu.utilization,14-03-2016 11:31,58.5
pcass01-sjc02-prod,system.cpu.utilization,14-03-2016 11:32,54.9
pcass01-sjc02-prod,system.cpu.utilization,14-03-2016 11:33,51.9
pcass01-sjc02-prod,system.cpu.utilization,14-03-2016 11:34,43.1
pcass01-sjc02-prod,system.cpu.utilization,14-03-2016 11:35,31.8
pcass01-sjc02-prod,system.cpu.utilization,14-03-2016 11:36,40.2
pcass01-sjc02-prod,system.cpu.utilization,14-03-2016 11:37,49.9
pcass01-sjc02-prod,system.cpu.utilization,14-03-2016 11:38,46.1
pcass01-sjc02-prod,system.cpu.utilization,14-03-2016 11:39,50.7
pcass01-sjc02-prod,system.cpu.utilization,14-03-2016 11:40,48.8
pcass01-sjc02-prod,system.cpu.utilization,14-03-2016 11:41,53.8
pcass01-sjc02-prod,system.cpu.utilization,14-03-2016 11:42,54
pcass01-sjc02-prod,system.cpu.utilization,14-03-2016 11:43,45
pcass01-sjc02-prod,system.cpu.utilization,14-03-2016 11:44,55.7
pcass01-sjc02-prod,system.cpu.utilization,14-03-2016 11:45,53.5
pcass01-sjc02-prod,system.cpu.utilization,14-03-2016 11:46,61.5
pcass01-sjc02-prod,system.cpu.utilization,14-03-2016 11:47,49.3
pcass01-sjc02-prod,system.cpu.utilization,14-03-2016 11:48,45.5
pcass01-sjc02-prod,system.cpu.utilization,14-03-2016 11:49,59.4
pcass01-sjc02-prod,system.cpu.utilization,14-03-2016 11:50,58.4
pcass01-sjc02-prod,system.cpu.utilization,14-03-2016 11:51,51.4
pcass01-sjc02-prod,system.cpu.utilization,14-03-2016 11:52,51.8
pcass01-sjc02-prod,system.cpu.utilization,14-03-2016 11:53,53.4
pcass01-sjc02-prod,system.cpu.utilization,14-03-2016 11:54,56.5
pcass01-sjc02-prod,system.cpu.utilization,14-03-2016 11:55,52.7
pcass01-sjc02-prod,system.cpu.utilization,14-03-2016 11:56,49.5
pcass01-sjc02-prod,system.cpu.utilization,14-03-2016 11:57,51.3
pcass01-sjc02-prod,system.cpu.utilization,14-03-2016 11:58,43.4
pcass01-sjc02-prod,system.cpu.utilization,14-03-2016 11:59,42.5
pcass01-sjc02-prod,system.cpu.utilization,14-03-2016 12:00,40
pcass01-sjc02-prod,system.cpu.utilization,14-03-2016 12:01,53.4
pcass01-sjc02-prod,system.cpu.utilization,14-03-2016 12:02,56.7
pcass01-sjc02-prod,system.cpu.utilization,14-03-2016 12:03,51.7
pcass01-sjc02-prod,system.cpu.utilization,14-03-2016 12:04,60.8
pcass01-sjc02-prod,system.cpu.utilization,14-03-2016 12:05,60.3
pcass01-sjc02-prod,system.cpu.utilization,14-03-2016 12:06,58.3
pcass01-sjc02-prod,system.cpu.utilization,14-03-2016 12:07,49
pcass01-sjc02-prod,system.cpu.utilization,14-03-2016 12:08,49.9
pcass01-sjc02-prod,system.cpu.utilization,14-03-2016 12:09,70
pcass01-sjc02-prod,system.cpu.utilization,14-03-2016 12:10,62.1
pcass01-sjc02-prod,system.cpu.utilization,14-03-2016 12:11,60.5
pcass01-sjc02-prod,system.cpu.utilization,14-03-2016 12:12,63.3
pcass01-sjc02-prod,system.cpu.utilization,14-03-2016 12:13,63
pcass01-sjc02-prod,system.cpu.utilization,14-03-2016 12:14,57.4
pcass01-sjc02-prod,system.cpu.utilization,14-03-2016 12:15,60
pcass01-sjc02-prod,system.cpu.utilization,14-03-2016 12:16,70.6
pcass01-sjc02-prod,system.cpu.utilization,14-03-2016 12:17,65.7
pcass01-sjc02-prod,system.cpu.utilization,14-03-2016 12:18,65.1
pcass01-sjc02-prod,system.cpu.utilization,14-03-2016 12:19,48.2
pcass01-sjc02-prod,system.cpu.utilization,14-03-2016 12:20,13.7
pcass01-sjc02-prod,system.cpu.utilization,14-03-2016 12:21,53.6
pcass01-sjc02-prod,system.cpu.utilization,14-03-2016 12:22,61.9
pcass01-sjc02-prod,system.cpu.utilization,14-03-2016 12:23,59.7
pcass01-sjc02-prod,system.cpu.utilization,14-03-2016 12:24,61.5
pcass01-sjc02-prod,system.cpu.utilization,14-03-2016 12:25,62.6
pcass01-sjc02-prod,system.cpu.utilization,14-03-2016 12:26,59.8
pcass01-sjc02-prod,system.cpu.utilization,14-03-2016 12:27,66.8
pcass01-sjc02-prod,system.cpu.utilization,14-03-2016 12:28,58.8
pcass01-sjc02-prod,system.cpu.utilization,14-03-2016 12:29,53.4
pcass01-sjc02-prod,system.cpu.utilization,14-03-2016 12:30,63.3
pcass01-sjc02-prod,system.cpu.utilization,14-03-2016 12:31,57.7
pcass01-sjc02-prod,system.cpu.utilization,14-03-2016 12:32,52.9
pcass01-sjc02-prod,system.cpu.utilization,14-03-2016 12:33,64.1
pcass01-sjc02-prod,system.cpu.utilization,14-03-2016 12:34,69.8
pcass01-sjc02-prod,system.cpu.utilization,14-03-2016 12:35,53.3
pcass01-sjc02-prod,system.cpu.utilization,14-03-2016 12:36,51.3
pcass01-sjc02-prod,system.cpu.utilization,14-03-2016 12:37,49.2
pcass01-sjc02-prod,system.cpu.utilization,14-03-2016 12:38,43.5
pcass01-sjc02-prod,system.cpu.utilization,14-03-2016 12:39,45.9
pcass01-sjc02-prod,system.cpu.utilization,14-03-2016 12:40,54.8
pcass01-sjc02-prod,system.cpu.utilization,14-03-2016 12:41,55.7
pcass01-sjc02-prod,system.cpu.utilization,14-03-2016 12:42,50
pcass01-sjc02-prod,system.cpu.utilization,14-03-2016 12:43,53.8
pcass01-sjc02-prod,system.cpu.utilization,14-03-2016 12:44,60.3
pcass01-sjc02-prod,system.cpu.utilization,14-03-2016 12:45,62.6
pcass01-sjc02-prod,system.cpu.utilization,14-03-2016 12:46,60.1
pcass01-sjc02-prod,system.cpu.utilization,14-03-2016 12:47,58.2
pcass01-sjc02-prod,system.cpu.utilization,14-03-2016 12:48,61.4
pcass01-sjc02-prod,system.cpu.utilization,14-03-2016 12:49,67.7
pcass01-sjc02-prod,system.cpu.utilization,14-03-2016 12:50,55
pcass01-sjc02-prod,system.cpu.utilization,14-03-2016 12:51,50.7
pcass01-sjc02-prod,system.cpu.utilization,14-03-2016 12:52,52.6
pcass01-sjc02-prod,system.cpu.utilization,14-03-2016 12:53,60.7
pcass01-sjc02-prod,system.cpu.utilization,14-03-2016 12:54,54.8
pcass01-sjc02-prod,system.cpu.utilization,14-03-2016 12:55,50.5
pcass01-sjc02-prod,system.cpu.utilization,14-03-2016 12:56,57.1
pcass01-sjc02-prod,system.cpu.utilization,14-03-2016 12:57,58.7
pcass01-sjc02-prod,system.cpu.utilization,14-03-2016 12:58,51.1
pcass01-sjc02-prod,system.cpu.utilization,14-03-2016 12:59,54.6
pcass01-sjc02-prod,system.cpu.utilization,14-03-2016 13:00,53.5
pcass01-sjc02-prod,system.cpu.utilization,14-03-2016 13:01,59.1
pcass01-sjc02-prod,system.cpu.utilization,14-03-2016 13:02,57.4
pcass01-sjc02-prod,system.cpu.utilization,14-03-2016 13:03,50.6
pcass01-sjc02-prod,system.cpu.utilization,14-03-2016 13:04,52.6
pcass01-sjc02-prod,system.cpu.utilization,14-03-2016 13:05,50.4
pcass01-sjc02-prod,system.cpu.utilization,14-03-2016 13:06,50.5
pcass01-sjc02-prod,system.cpu.utilization,14-03-2016 13:07,50.2
pcass01-sjc02-prod,system.cpu.utilization,14-03-2016 13:08,48.7
pcass01-sjc02-prod,system.cpu.utilization,14-03-2016 13:09,63.3
pcass01-sjc02-prod,system.cpu.utilization,14-03-2016 13:10,43.5
pcass01-sjc02-prod,system.cpu.utilization,14-03-2016 13:11,48.6
pcass01-sjc02-prod,system.cpu.utilization,14-03-2016 13:12,52.2
pcass01-sjc02-prod,system.cpu.utilization,14-03-2016 13:13,50.9
pcass01-sjc02-prod,system.cpu.utilization,14-03-2016 13:14,47.4
pcass01-sjc02-prod,system.cpu.utilization,14-03-2016 13:15,50.2
pcass01-sjc02-prod,system.cpu.utilization,14-03-2016 13:16,58.9
pcass01-sjc02-prod,system.cpu.utilization,14-03-2016 13:17,57.7
pcass01-sjc02-prod,system.cpu.utilization,14-03-2016 13:18,49.8
pcass01-sjc02-prod,system.cpu.utilization,14-03-2016 13:19,48.8
pcass01-sjc02-prod,system.cpu.utilization,14-03-2016 13:20,50.7
pcass01-sjc02-prod,system.cpu.utilization,14-03-2016 13:21,53.1
pcass01-sjc02-prod,system.cpu.utilization,14-03-2016 13:22,44.4
pcass01-sjc02-prod,system.cpu.utilization,14-03-2016 13:23,44.5
pcass01-sjc02-prod,system.cpu.utilization,14-03-2016 13:24,59.7
pcass01-sjc02-prod,system.cpu.utilization,14-03-2016 13:25,53.8
pcass01-sjc02-prod,system.cpu.utilization,14-03-2016 13:26,49.9
pcass01-sjc02-prod,system.cpu.utilization,14-03-2016 13:27,44.5
pcass01-sjc02-prod,system.cpu.utilization,14-03-2016 13:28,52.2
pcass01-sjc02-prod,system.cpu.utilization,14-03-2016 13:29,60.7
pcass01-sjc02-prod,system.cpu.utilization,14-03-2016 13:30,53.4
pcass01-sjc02-prod,system.cpu.utilization,14-03-2016 13:31,54.4
pcass01-sjc02-prod,system.cpu.utilization,14-03-2016 13:32,55
pcass01-sjc02-prod,system.cpu.utilization,14-03-2016 13:33,57.7
pcass01-sjc02-prod,system.cpu.utilization,14-03-2016 13:34,48.9
pcass01-sjc02-prod,system.cpu.utilization,14-03-2016 13:35,49.3
pcass01-sjc02-prod,system.cpu.utilization,14-03-2016 13:36,53.1
pcass01-sjc02-prod,system.cpu.utilization,14-03-2016 13:37,54.2
pcass01-sjc02-prod,system.cpu.utilization,14-03-2016 13:38,53.5
pcass01-sjc02-prod,system.cpu.utilization,14-03-2016 13:39,55.3
pcass01-sjc02-prod,system.cpu.utilization,14-03-2016 13:40,52.3
pcass01-sjc02-prod,system.cpu.utilization,14-03-2016 13:41,55.6
pcass01-sjc02-prod,system.cpu.utilization,14-03-2016 13:42,51.7
pcass01-sjc02-prod,system.cpu.utilization,14-03-2016 13:43,45.7
pcass01-sjc02-prod,system.cpu.utilization,14-03-2016 13:44,58.2
pcass01-sjc02-prod,system.cpu.utilization,14-03-2016 13:45,58.2
pcass01-sjc02-prod,system.cpu.utilization,14-03-2016 13:46,56.1
pcass01-sjc02-prod,system.cpu.utilization,14-03-2016 13:47,54.2
pcass01-sjc02-prod,system.cpu.utilization,14-03-2016 13:48,53.8
pcass01-sjc02-prod,system.cpu.utilization,14-03-2016 13:49,54.8
pcass01-sjc02-prod,system.cpu.utilization,14-03-2016 13:50,45.7
pcass01-sjc02-prod,system.cpu.utilization,14-03-2016 13:51,47.1
pcass01-sjc02-prod,system.cpu.utilization,14-03-2016 13:52,51.5
pcass01-sjc02-prod,system.cpu.utilization,14-03-2016 13:53,58.8
pcass01-sjc02-prod,system.cpu.utilization,14-03-2016 13:54,52.4
pcass01-sjc02-prod,system.cpu.utilization,14-03-2016 13:55,43.5
pcass01-sjc02-prod,system.cpu.utilization,14-03-2016 13:56,48.9
pcass01-sjc02-prod,system.cpu.utilization,14-03-2016 13:57,50.8
pcass01-sjc02-prod,system.cpu.utilization,14-03-2016 13:58,44.1
pcass01-sjc02-prod,system.cpu.utilization,14-03-2016 13:59,46.9
pcass01-sjc02-prod,system.cpu.utilization,14-03-2016 14:00,51.8
pcass01-sjc02-prod,system.cpu.utilization,14-03-2016 14:01,58.8
pcass01-sjc02-prod,system.cpu.utilization,14-03-2016 14:02,53.9
pcass01-sjc02-prod,system.cpu.utilization,14-03-2016 14:03,55.1
pcass01-sjc02-prod,system.cpu.utilization,14-03-2016 14:04,54.9
pcass01-sjc02-prod,system.cpu.utilization,14-03-2016 14:05,53.2
pcass01-sjc02-prod,system.cpu.utilization,14-03-2016 14:06,50.8
pcass01-sjc02-prod,system.cpu.utilization,14-03-2016 14:07,49.6
pcass01-sjc02-prod,system.cpu.utilization,14-03-2016 14:08,47.5
pcass01-sjc02-prod,system.cpu.utilization,14-03-2016 14:09,61.3
pcass01-sjc02-prod,system.cpu.utilization,14-03-2016 14:10,51.1
pcass01-sjc02-prod,system.cpu.utilization,14-03-2016 14:11,45.8
pcass01-sjc02-prod,system.cpu.utilization,14-03-2016 14:12,53.1
pcass01-sjc02-prod,system.cpu.utilization,14-03-2016 14:13,55
pcass01-sjc02-prod,system.cpu.utilization,14-03-2016 14:14,47
pcass01-sjc02-prod,system.cpu.utilization,14-03-2016 14:15,42.4
pcass01-sjc02-prod,system.cpu.utilization,14-03-2016 14:16,54.8
pcass01-sjc02-prod,system.cpu.utilization,14-03-2016 14:17,57.7
pcass01-sjc02-prod,system.cpu.utilization,14-03-2016 14:18,52
pcass01-sjc02-prod,system.cpu.utilization,14-03-2016 14:19,53.3
pcass01-sjc02-prod,system.cpu.utilization,14-03-2016 14:20,53
pcass01-sjc02-prod,system.cpu.utilization,14-03-2016 14:21,53.3
pcass01-sjc02-prod,system.cpu.utilization,14-03-2016 14:22,49.5
pcass01-sjc02-prod,system.cpu.utilization,14-03-2016 14:23,53.1
pcass01-sjc02-prod,system.cpu.utilization,14-03-2016 14:24,59.6
pcass01-sjc02-prod,system.cpu.utilization,14-03-2016 14:25,57.1
pcass01-sjc02-prod,system.cpu.utilization,14-03-2016 14:26,54.3
pcass01-sjc02-prod,system.cpu.utilization,14-03-2016 14:27,49.5
pcass01-sjc02-prod,system.cpu.utilization,14-03-2016 14:28,50.4
pcass01-sjc02-prod,system.cpu.utilization,14-03-2016 14:29,55.4
pcass01-sjc02-prod,system.cpu.utilization,14-03-2016 14:30,55.9
pcass01-sjc02-prod,system.cpu.utilization,14-03-2016 14:31,57.1
pcass01-sjc02-prod,system.cpu.utilization,14-03-2016 14:32,57.8
pcass01-sjc02-prod,system.cpu.utilization,14-03-2016 14:33,58.8
pcass01-sjc02-prod,system.cpu.utilization,14-03-2016 14:34,54
pcass01-sjc02-prod,system.cpu.utilization,14-03-2016 14:35,48.6
pcass01-sjc02-prod,system.cpu.utilization,14-03-2016 14:36,59
pcass01-sjc02-prod,system.cpu.utilization,14-03-2016 14:37,54.5
pcass01-sjc02-prod,system.cpu.utilization,14-03-2016 14:38,51.3
pcass01-sjc02-prod,system.cpu.utilization,14-03-2016 14:39,53.8
pcass01-sjc02-prod,system.cpu.utilization,14-03-2016 14:40,61.7
pcass01-sjc02-prod,system.cpu.utilization,14-03-2016 14:41,57.9
pcass01-sjc02-prod,system.cpu.utilization,14-03-2016 14:42,54.1
pcass01-sjc02-prod,system.cpu.utilization,14-03-2016 14:43,51.9
pcass01-sjc02-prod,system.cpu.utilization,14-03-2016 14:44,54.4
pcass01-sjc02-prod,system.cpu.utilization,14-03-2016 14:45,53.6
pcass01-sjc02-prod,system.cpu.utilization,14-03-2016 14:46,58.7
pcass01-sjc02-prod,system.cpu.utilization,14-03-2016 14:47,53.8
pcass01-sjc02-prod,system.cpu.utilization,14-03-2016 14:48,50.3
pcass01-sjc02-prod,system.cpu.utilization,14-03-2016 14:49,60.2
pcass01-sjc02-prod,system.cpu.utilization,14-03-2016 14:50,52.6
pcass01-sjc02-prod,system.cpu.utilization,14-03-2016 14:51,52.4
pcass01-sjc02-prod,system.cpu.utilization,14-03-2016 14:52,51.1
pcass01-sjc02-prod,system.cpu.utilization,14-03-2016 14:53,49.9
pcass01-sjc02-prod,system.cpu.utilization,14-03-2016 14:54,45.9
pcass01-sjc02-prod,system.cpu.utilization,14-03-2016 14:55,43.3
pcass01-sjc02-prod,system.cpu.utilization,14-03-2016 14:56,49.8
pcass01-sjc02-prod,system.cpu.utilization,14-03-2016 14:57,55
pcass01-sjc02-prod,system.cpu.utilization,14-03-2016 14:58,45.1
pcass01-sjc02-prod,system.cpu.utilization,14-03-2016 14:59,39.3
pcass01-sjc02-prod,system.cpu.utilization,14-03-2016 15:00,39.6
pcass01-sjc02-prod,system.cpu.utilization,14-03-2016 15:01,58.1
pcass01-sjc02-prod,system.cpu.utilization,14-03-2016 15:02,56.9
pcass01-sjc02-prod,system.cpu.utilization,14-03-2016 15:03,54.8
pcass01-sjc02-prod,system.cpu.utilization,14-03-2016 15:04,64.2
pcass01-sjc02-prod,system.cpu.utilization,14-03-2016 15:05,59.8
pcass01-sjc02-prod,system.cpu.utilization,14-03-2016 15:06,58.2
pcass01-sjc02-prod,system.cpu.utilization,14-03-2016 15:07,58.2
pcass01-sjc02-prod,system.cpu.utilization,14-03-2016 15:08,57.8
pcass01-sjc02-prod,system.cpu.utilization,14-03-2016 15:09,65.2
pcass01-sjc02-prod,system.cpu.utilization,14-03-2016 15:10,62.1
pcass01-sjc02-prod,system.cpu.utilization,14-03-2016 15:11,56.2
pcass01-sjc02-prod,system.cpu.utilization,14-03-2016 15:12,
pcass01-sjc02-prod,system.cpu.utilization,14-03-2016 15:13,
pcass01-sjc02-prod,system.cpu.utilization,14-03-2016 15:14,
pcass01-sjc02-prod,system.cpu.utilization,14-03-2016 15:15,
pcass01-sjc02-prod,system.cpu.utilization,14-03-2016 15:16,
pcass01-sjc02-prod,system.cpu.utilization,14-03-2016 15:17,
pcass01-sjc02-prod,system.cpu.utilization,14-03-2016 15:18,
pcass01-sjc02-prod,system.cpu.utilization,14-03-2016 15:19,
pcass01-sjc02-prod,system.cpu.utilization,14-03-2016 15:20,
pcass01-sjc02-prod,system.cpu.utilization,14-03-2016 15:21,
pcass01-sjc02-prod,system.cpu.utilization,14-03-2016 15:22,
pcass01-sjc02-prod,system.cpu.utilization,14-03-2016 15:23,
pcass01-sjc02-prod,system.cpu.utilization,14-03-2016 15:24,
pcass01-sjc02-prod,system.cpu.utilization,14-03-2016 15:25,
pcass01-sjc02-prod,system.cpu.utilization,14-03-2016 15:26,
pcass01-sjc02-prod,system.cpu.utilization,14-03-2016 15:27,
pcass01-sjc02-prod,system.cpu.utilization,14-03-2016 15:28,
pcass01-sjc02-prod,system.cpu.utilization,14-03-2016 15:29,
pcass01-sjc02-prod,system.cpu.utilization,14-03-2016 15:30,
pcass01-sjc02-prod,system.cpu.utilization,14-03-2016 15:31,
pcass01-sjc02-prod,system.cpu.utilization,14-03-2016 15:32,
pcass01-sjc02-prod,system.cpu.utilization,14-03-2016 15:33,
pcass01-sjc02-prod,system.cpu.utilization,14-03-2016 15:34,
pcass01-sjc02-prod,system.cpu.utilization,14-03-2016 15:35,
pcass01-sjc02-prod,system.cpu.utilization,14-03-2016 15:36,
pcass01-sjc02-prod,system.cpu.utilization,14-03-2016 15:37,
pcass01-sjc02-prod,system.cpu.utilization,14-03-2016 15:38,
pcass01-sjc02-prod,system.cpu.utilization,14-03-2016 15:39,48.4
pcass01-sjc02-prod,system.cpu.utilization,14-03-2016 15:40,43.2
pcass01-sjc02-prod,system.cpu.utilization,14-03-2016 15:41,46
pcass01-sjc02-prod,system.cpu.utilization,14-03-2016 15:42,37.9
pcass01-sjc02-prod,system.cpu.utilization,14-03-2016 15:43,44.4
pcass01-sjc02-prod,system.cpu.utilization,14-03-2016 15:44,51.4
pcass01-sjc02-prod,system.cpu.utilization,14-03-2016 15:45,56.6
pcass01-sjc02-prod,system.cpu.utilization,14-03-2016 15:46,52.5
pcass01-sjc02-prod,system.cpu.utilization,14-03-2016 15:47,51.6
pcass01-sjc02-prod,system.cpu.utilization,14-03-2016 15:48,59.3
pcass01-sjc02-prod,system.cpu.utilization,14-03-2016 15:49,67.5
pcass01-sjc02-prod,system.cpu.utilization,14-03-2016 15:50,100
pcass01-sjc02-prod,system.cpu.utilization,14-03-2016 15:51,55.3
pcass01-sjc02-prod,system.cpu.utilization,14-03-2016 15:52,63.5
pcass01-sjc02-prod,system.cpu.utilization,14-03-2016 15:53,58.8
pcass01-sjc02-prod,system.cpu.utilization,14-03-2016 15:54,54.8
pcass01-sjc02-prod,system.cpu.utilization,14-03-2016 15:55,50.7
pcass01-sjc02-prod,system.cpu.utilization,14-03-2016 15:56,65
pcass01-sjc02-prod,system.cpu.utilization,14-03-2016 15:57,62.8
pcass01-sjc02-prod,system.cpu.utilization,14-03-2016 15:58,53.5
pcass01-sjc02-prod,system.cpu.utilization,14-03-2016 15:59,54.5
pcass01-sjc02-prod,system.cpu.utilization,14-03-2016 16:00,51.1
pcass01-sjc02-prod,system.cpu.utilization,14-03-2016 16:01,56.8
pcass01-sjc02-prod,system.cpu.utilization,14-03-2016 16:02,55.1
pcass01-sjc02-prod,system.cpu.utilization,14-03-2016 16:03,46.7
pcass01-sjc02-prod,system.cpu.utilization,14-03-2016 16:04,61.3
pcass01-sjc02-prod,system.cpu.utilization,14-03-2016 16:05,58
pcass01-sjc02-prod,system.cpu.utilization,14-03-2016 16:06,52.1
pcass01-sjc02-prod,system.cpu.utilization,14-03-2016 16:07,44.4
pcass01-sjc02-prod,system.cpu.utilization,14-03-2016 16:08,55.4
pcass01-sjc02-prod,system.cpu.utilization,14-03-2016 16:09,63.6
pcass01-sjc02-prod,system.cpu.utilization,14-03-2016 16:10,60.3
pcass01-sjc02-prod,system.cpu.utilization,14-03-2016 16:11,58.6
pcass01-sjc02-prod,system.cpu.utilization,14-03-2016 16:12,59.2
pcass01-sjc02-prod,system.cpu.utilization,14-03-2016 16:13,64.4
pcass01-sjc02-prod,system.cpu.utilization,14-03-2016 16:14,63.9
pcass01-sjc02-prod,system.cpu.utilization,14-03-2016 16:15,53.6
pcass01-sjc02-prod,system.cpu.utilization,14-03-2016 16:16,59.2
pcass01-sjc02-prod,system.cpu.utilization,14-03-2016 16:17,59.2
